date,open,high,low,close,volume
2021-07-23,3227.252659992203,3251.266357929116,3225.6517927785203,3239.306640625,247778
2021-07-26,3239.448011883421,3294.1145384129545,3231.0197202100762,3279.047119140625,433827
2021-07-27,3292.2307039230604,3300.564961141774,3234.927340124255,3249.6181640625,210607
2021-07-28,3266.8043311448305,3266.8043311448305,3211.2432312493147,3224.521484375,352127
2021-07-29,3224.6158335958294,3229.0889734322864,3203.7098365528173,3207.10009765625,321411
2021-07-30,3224.4274248219576,3239.4948426949577,3181.1085984370834,3223.8623046875,988317
2021-08-02,3245.8044479986106,3335.549806388639,3239.542144081276,3300.376708984375,1887580
2021-08-03,3343.083199193322,3370.392892933211,3325.190641225808,3364.930908203125,1326045
2021-08-04,3370.3930402695228,3389.227312637612,3333.6662091517496,3369.73388671875,478788
2021-08-05,3369.7337917659397,3406.837215321349,3340.823230477679,3400.6689453125,497146
2021-08-06,3400.668951245015,3409.00320851181,3380.8460640300327,3393.935791015625,258380
2021-08-09,3408.909094252069,3436.313052985786,3396.054795102765,3424.1650390625,444706
2021-08-10,3424.1649365729245,3431.604382100086,3400.99868988871,3425.20068359375,249493
2021-08-11,3425.200865126054,3436.2660005889156,3362.95373038344,3414.182861328125,233115
2021-08-12,3422.5637585962077,3430.615455723565,3397.23175514438,3409.756591796875,232971
2021-08-13,3409.756573816922,3431.6985461961112,3366.720309226215,3370.910888671875,323144
2021-08-16,3361.9173932009176,3459.808471314955,3345.955394416987,3442.24560546875,348972
2021-08-17,3456.089022396608,3491.4975468518687,3454.2055951364464,3481.04443359375,579154
2021-08-18,3492.627671250875,3512.5919548782585,3472.0511357976184,3503.881103515625,426843
2021-08-20,3427.8375849920767,3736.248796279139,3423.4115769496098,3668.869140625,1567252
2021-08-23,3682.100115810904,3733.5646712454245,3626.1624208495027,3640.900146484375,645088
2021-08-24,3648.998982418647,3665.149278462041,3574.2739173696496,3590.00048828125,437167
2021-08-25,3590.000609985393,3670.7996844240406,3575.68660896821,3618.817138671875,360778
2021-08-26,3602.2428986213376,3716.896532027557,3602.2428986213376,3701.781982421875,1114234
2021-08-27,3714.7775851672495,3741.3809943187616,3683.748168085914,3711.811279296875,475524
2021-08-30,3729.1859978723783,3760.7805363364637,3703.0063128142942,3754.000244140625,466524
2021-08-31,3762.1457160725454,3792.563110397368,3729.1857410881803,3764.5,688613
2021-09-01,3752.352121109697,3791.2447090538953,3732.811563812912,3781.309814453125,352460
2021-09-02,3780.980346085654,3864.7928618519363,3768.785200166942,3847.936279296875,525680
2021-09-03,3865.7345875656288,3893.7036672920563,3835.740915427478,3883.815673828125,426377
2021-09-06,3902.8377203160303,3907.452024954499,3824.2988986753426,3841.296875,312608
2021-09-07,3858.106405552347,3888.900624597288,3842.1915374716477,3856.740966796875,259534
2021-09-08,3842.003205359282,3849.6309476009424,3781.639271413575,3824.675537109375,236283
2021-09-09,3822.22751206598,3878.7301026848895,3814.034649071319,3833.528076171875,295134
2021-09-13,3833.527830190631,3863.850962613629,3822.2272668098453,3855.234375,171201
2021-09-14,3858.200521329373,3910.936481591624,3844.451411153926,3862.438232421875,419441
2021-09-15,3865.922779698818,3893.9856605063187,3833.763122935977,3848.17138671875,218163
2021-09-16,3848.171565717508,3879.860137252938,3804.334750466193,3835.646728515625,243636
2021-09-17,3839.742971793427,3875.1514954045997,3805.464688439851,3815.682373046875,621517
2021-09-20,3799.8143760185226,3875.15146401889,3766.854400018362,3846.42919921875,291097
2021-09-21,3825.429007815208,3871.902436853491,3816.7652885235907,3838.0009765625,424258
2021-09-22,3844.075094853009,3865.7345086652626,3813.0928079292694,3821.94482421875,259937
2021-09-23,3823.35723715211,3837.906666370493,3783.33440893069,3806.736083984375,322858
2021-09-24,3804.5227847479046,3860.036983072594,3795.105649142093,3807.253662109375,373614
2021-09-27,3813.845894456797,3827.6892685875614,3766.854476822655,3775.89501953125,248898
2021-09-28,3771.751205945606,3831.785447009821,3757.4843370922104,3770.29150390625,354948
2021-09-29,3749.9037222818733,3785.5945773479075,3728.3854735988807,3741.19287109375,332446
2021-09-30,3740.486329095471,3760.2623142190873,3710.6340546766914,3718.77978515625,217501
2021-10-01,3728.0557787569983,3728.0557787569983,3658.557270342136,3692.55322265625,181917
2021-10-04,3682.100466105474,3736.013573953182,3654.7907695537965,3665.9970703125,372752
2021-10-05,3667.0329212524784,3677.627199722969,3640.194082460569,3655.920654296875,131731
2021-10-06,3666.091213169237,3760.4037425764245,3655.967791504308,3709.033447265625,409840
2021-10-07,3728.9974442940916,3732.6229035959873,3651.4472397608083,3673.248046875,187556
2021-10-08,3686.808818711584,3699.992809378752,3622.6311275352696,3656.95654296875,316870
2021-10-11,3653.8487853803977,3673.389342673347,3607.8931154996894,3616.745361328125,253051
2021-10-12,3598.287811374058,3648.9049194246613,3592.6375295451535,3642.501220703125,253262
2021-10-13,3645.750128090486,3667.1272118472234,3629.835259389595,3657.333251953125,174222
2021-10-14,3683.983547986856,3696.225824603377,3654.7904268243838,3667.833251953125,299078
2021-10-18,3729.1858967923345,3729.1858967923345,3602.0545594016867,3613.684814453125,256837
2021-10-19,3635.3440131589964,3642.877721597236,3559.677237068213,3574.650390625,282932
2021-10-20,3578.511925899621,3689.0221164176146,3522.0091060169957,3542.726806640625,523002
2021-10-21,3577.099111422404,3577.099111422404,3465.5060497655513,3497.85400390625,335589
2021-10-22,3516.3584930502625,3540.8430460281165,3437.2545526602726,3474.923095703125,192033
2021-10-25,3474.9231498803083,3481.0914198818523,3406.8372112867232,3419.4091796875,289025
2021-10-26,3436.313197814397,3489.096295245536,3395.678344729105,3477.560302734375,326825
2021-10-27,3485.1877163352365,3513.721683955723,3466.8714330808284,3482.315673828125,441016
2021-10-28,3507.883360601528,3511.367655138671,3441.021691177982,3467.29541015625,193658
2021-10-29,3466.447902851459,3492.7687530618764,3428.826488980564,3461.50390625,283538
2021-11-01,3478.68992390796,3484.3402053219957,3438.2905037618207,3463.763671875,139766
2021-11-02,3465.694235748319,3491.4973255231885,3453.3107942619736,3468.23681640625,151547
2021-11-03,3479.631847637045,3484.1521190233934,3407.1670301074723,3418.279296875,185296
2021-11-04,3418.279296875,3418.279296875,3418.279296875,3418.279296875,0
2021-11-08,3452.322239361311,3511.509034201655,3409.003411480618,3501.0087890625,336938
2021-11-09,3380.752010540058,3426.895979486148,3329.0989247657726,3410.51025390625,1399094
2021-11-10,3417.9023645971374,3503.1745766864947,3390.1689451804787,3482.927734375,706755
2021-11-11,3483.4929391342225,3501.291234564642,3421.528137037439,3431.039306640625,298625
2021-11-12,3454.7708981615374,3486.1769114409185,3429.0149370511795,3472.992919921875,275060
2021-11-15,3484.3401856136684,3529.1658432090217,3459.855632958005,3524.457275390625,320669
2021-11-16,3532.367637712313,3540.843059930231,3466.447687128505,3475.62939453125,199179
2021-11-17,3475.629470438289,3484.2931895792663,3397.5143732725674,3404.341796875,250996
2021-11-18,3432.357704523469,3432.357704523469,3347.791779004208,3363.42431640625,248828
2021-11-22,3379.810386119267,3417.008076353792,3361.917826259622,3372.841796875,364653
2021-11-23,3369.2631251907014,3456.089077280878,3365.6845673574544,3448.696533203125,365672
2021-11-24,3446.671669392629,3459.855659384841,3399.585990849014,3412.157958984375,149025
2021-11-25,3400.0570523123943,3421.9990258166986,3358.150795885888,3365.119384765625,232784
2021-11-26,3352.5007153643646,3423.2235050038344,3327.9690279116776,3348.07470703125,372530
2021-11-29,3343.0832429147263,3343.0832429147263,3266.8987054840704,3322.9306640625,281082
2021-11-30,3309.1817235315893,3357.209119063778,3297.033709567082,3338.845703125,633377
2021-12-01,3343.5542481124808,3396.478508212308,3322.365691407079,3329.193115234375,312855
2021-12-02,3333.6661455240496,3397.0435168151334,3324.2490095197445,3369.922119140625,377041
2021-12-03,3349.675559694315,3384.0009773475285,3343.083563934444,3346.614990234375,313990
2021-12-06,3348.733462915058,3372.3705655427075,3286.5803671466683,3292.4189453125,165986
2021-12-07,3297.928232324051,3323.3073684272663,3264.9211239267024,3271.701416015625,254445
2021-12-08,3286.533443925765,3373.6419548833655,3279.988580165656,3367.33251953125,326189
2021-12-09,3357.209183026584,3422.6111504417217,3356.267469370756,3412.676025390625,284117
2021-12-10,3412.6758417563165,3429.7209499738383,3394.312426455798,3420.7275390625,190379
2021-12-13,3428.77924299569,3445.118066040924,3368.4624404868364,3379.57470703125,311904
2021-12-14,3371.3345745256215,3387.7674303104054,3336.5383041589243,3371.0048828125,297867
2021-12-15,3362.8591383909743,3370.9579670088337,3316.244316954303,3335.1728515625,152079
2021-12-16,3343.083173880149,3363.4711807087515,3330.5112057550036,3353.0654296875,121782
2021-12-17,3339.3164984703885,3348.733634675889,3295.997671925087,3330.04052734375,307396
2021-12-20,3316.7153443572,3324.249053259772,3230.1719553031276,3269.535400390625,382144
2021-12-21,3271.4189262196314,3334.937695247389,3259.318043876475,3301.41259765625,222991
2021-12-22,3316.7152025955284,3332.3477398644254,3281.495206945584,3293.17236328125,257611
2021-12-23,3298.9172729910674,3352.5006892339798,3297.881295982415,3347.41552734375,163291
2021-12-24,3352.5003790029277,3357.208946950965,3313.8901218290175,3334.890380859375,136780
2021-12-27,3333.666193493053,3337.951036418777,3302.3070841653725,3308.42822265625,94111
2021-12-28,3325.1907321654226,3354.3838538581804,3306.450723430097,3343.6953125,99497
2021-12-29,3343.6955022838897,3361.729456751103,3319.728935709536,3352.1240234375,163737
2021-12-30,3361.9174968750626,3376.9849142280045,3320.5292308158105,3365.590087890625,167005
2021-12-31,3376.9848206277297,3412.0165190202324,3361.0228217939866,3395.819091796875,244207
2022-01-03,3399.586548594448,3414.6539682004063,3373.4068610469785,3406.696533203125,149689
2022-01-04,3411.8285000071464,3431.4633212634326,3399.586222750703,3426.3779296875,317247
2022-01-05,3425.9542640421223,3473.9816602670116,3421.292827449465,3446.389404296875,245395
2022-01-06,3446.3893178877884,3472.051014246904,3414.465317867642,3460.891845703125,340345
2022-01-07,3470.2148693516006,3523.892548470472,3468.1902769280086,3519.513671875,241905
2022-01-10,3519.5136758699014,3557.794244583901,3510.6142977616414,3548.65966796875,351447
2022-01-11,3548.6592817414576,3579.4061377504772,3520.219577990282,3525.16357421875,206008
2022-01-12,3531.426194437998,3540.607902543537,3475.8650889788405,3484.52880859375,311095
2022-01-13,3484.5286918251036,3540.7960806375954,3476.1475325687193,3530.531494140625,129143
2022-01-14,3530.53163779041,3536.0405247469366,3479.914528640173,3495.688232421875,97013
2022-01-17,3481.5151542845692,3496.394275040196,3430.0505983770936,3451.521484375,170221
2022-01-18,3454.2058177177655,3479.349527279017,3400.6224006775924,3410.792724609375,168104
2022-01-19,3409.003620271719,3416.1136047436266,3357.2093663725627,3367.238525390625,129227
2022-01-20,3380.7519293079413,3412.7701927052867,3368.0387953119366,3395.018798828125,173547
2022-01-21,3395.8194638703526,3417.4788780880504,3367.2854939405775,3407.402587890625,162594
2022-01-24,3399.586303294584,3415.1717103070355,3300.70636926524,3318.457763671875,240598
2022-01-25,3297.8808743038976,3357.6325534715857,3230.3129266364776,3333.0068359375,306411
2022-01-27,3328.9578653997423,3328.9578653997423,3235.3985191420325,3290.48876953125,353612
2022-01-28,3290.4886435679587,3385.4605567128465,3290.4886435679587,3305.085205078125,249034
2022-01-31,3305.4145912158683,3424.070499618489,3305.4145912158683,3329.239990234375,462842
2022-02-01,3352.500584546058,3493.7576316477175,3338.4220115003704,3443.47021484375,631482
2022-02-02,3456.0892711690626,3456.0892711690626,3394.6895840502984,3409.992431640625,209928
2022-02-03,3410.8864733726755,3439.1378798335204,3347.791665610122,3354.76025390625,203975
2022-02-04,3374.5837450851923,3384.236310031945,3333.6663328296077,3354.384033203125,162672
2022-02-07,3354.336853119129,3371.1465335528574,3239.4949207339423,3247.59375,279194
2022-02-08,3240.436798155877,3286.580768835807,3219.1539768576413,3270.995361328125,363856
2022-02-09,3304.4732688112904,3334.3255461752356,3270.995301852762,3312.336669921875,172750
2022-02-10,3316.715140310317,3337.2916734488017,3281.871738779516,3328.53369140625,172088
2022-02-11,3295.0559668464534,3304.802794808634,3229.1360132370646,3277.681396484375,340217
2022-02-14,3228.194525904484,3253.6207955075824,3190.5731100109024,3199.943115234375,209831
2022-02-15,3225.369231204457,3286.5806180740306,3201.8263901007745,3275.185791015625,209065
2022-02-16,3277.1634921333407,3294.8677546821496,3234.7863780109265,3260.212646484375,190567
2022-02-17,3279.6116417655576,3279.9882352145196,3230.0774179689356,3262.18994140625,173362
2022-02-18,3248.9118977440176,3291.2890094537224,3243.402781257538,3278.717041015625,121161
2022-02-21,3231.1138631463796,3295.9978430058986,3230.0778861457807,3272.6904296875,138287
2022-02-22,3206.534744679172,3294.1141077497045,3206.534744679172,3286.344970703125,246372
2022-02-23,3293.8789317408896,3324.2491970682127,3267.7463778545884,3306.497802734375,326853
2022-02-24,3239.023881218147,3299.764407555862,3215.0101847590504,3245.14501953125,529995
2022-02-25,3234.7862358112766,3243.261658263184,3155.1171727991286,3223.250244140625,722637
2022-02-28,3206.534844949741,3239.4948213295474,3133.410875031333,3227.67626953125,426929
2022-03-02,3221.5553665113507,3221.5553665113507,3175.2230994533206,3194.057373046875,416582
2022-03-03,3206.5350541679777,3239.071307527918,3154.740802191696,3170.184814453125,429892
2022-03-04,3154.7405143728206,3196.976460686179,3084.111995394325,3174.84619140625,331936
2022-03-07,3107.6549036269876,3108.172892093035,2955.6152877331647,2969.646728515625,711477
2022-03-08,2933.43763995697,2994.649019281915,2872.2262606320255,2932.260498046875,541966
2022-03-09,2960.747900203903,2985.2324566305256,2913.3796546733606,2941.7724609375,483468
2022-03-10,3037.026506220683,3058.685920063497,2961.501117846547,3035.095947265625,490457
2022-03-11,3060.5693499323634,3066.7847519610646,3006.7033753556652,3013.389404296875,362091
2022-03-14,3013.3893397820825,3027.6093074984738,2961.783617007285,3000.158447265625,335292
2022-03-15,3000.299471531788,3059.627427183547,2996.2029254868544,3035.001708984375,258636
2022-03-16,3054.9190149940578,3124.9355153321417,3043.8538798441873,3120.50927734375,239522
2022-03-17,3128.372618856827,3166.041163334333,3108.172907862875,3160.34375,436218
2022-03-21,3154.7406210916897,3154.7406210916897,3041.7349869033305,3048.844970703125,354460
2022-03-22,3041.735140033792,3060.5694133466945,2949.68262921698,2974.308349609375,583821
2022-03-23,2982.783704291267,2988.857941224022,2911.7785874919414,2921.43115234375,1044283
2022-03-24,2907.070021402665,2947.5637081277428,2900.996014376015,2922.93798828125,459226
2022-03-25,2928.729128323689,2940.73597603627,2894.921703983459,2914.132568359375,339040
2022-03-28,2914.1329672591396,2937.1578206305526,2881.6909771378187,2914.41552734375,310240
2022-03-29,2930.612630293086,2951.330328836289,2910.0832284818043,2922.890625,359318
2022-03-30,2941.5837008400654,2975.8150833997242,2933.10827813418,2964.89111328125,450273
2022-03-31,2965.7385478065376,3030.905079897733,2963.8551206945926,3019.51025390625,413897
2022-04-01,3022.900630118837,3049.1743473696706,3005.6200937425688,3042.346923828125,260712
2022-04-04,3041.7347781680046,3085.430195091405,3027.609074863819,3079.4033203125,275388
2022-04-05,3088.820682644819,3121.7335277780853,3081.192710336262,3110.856689453125,236853
2022-04-06,3090.7041920042366,3102.946469425338,3064.9482317733114,3091.175048828125,245111
2022-04-07,3084.112055140605,3128.37259455789,3075.30694097316,3102.098876953125,302703
2022-04-08,3095.4129116040126,3158.7902891805743,3095.4129116040126,3152.76318359375,168952
2022-04-11,3152.7628266976385,3173.574788939471,3104.876828733706,3155.3525390625,186130
2022-04-12,3145.3234525532303,3168.7720294418773,3109.8208954930474,3149.1845703125,238043
2022-04-13,3145.323687774623,3190.525944365396,3145.323687774623,3154.4111328125,205852
2022-04-18,3150.0320707001015,3171.597220714664,3113.3523710458085,3148.99609375,197878
2022-04-19,3148.9960148447494,3190.525676565921,3056.14319183789,3077.42578125,296680
2022-04-20,3075.636693002063,3140.6149329950645,3053.0355660479754,3111.610107421875,235572
2022-04-21,3104.830021835251,3173.5279892267745,3083.5472005736397,3164.063720703125,152205
2022-04-22,3146.547925352945,3180.6379141576595,3131.197946580079,3168.01904296875,148494
2022-04-25,3088.8207901537226,3151.9627367394346,2949.4943007994802,3103.7939453125,630312
2022-04-26,3115.471406882796,3203.709932528526,3108.879411136853,3176.11767578125,398545
2022-04-27,3154.7406723032746,3187.4180894044243,3119.0967193101933,3143.675537109375,248769
2022-04-28,3079.4034000976303,3193.868731487037,3072.905668373567,3162.179931640625,322548
2022-04-29,3164.251892734448,3174.4222154719823,3076.107409665177,3088.1142578125,259398
2022-05-02,3053.0354316231997,3093.4348523106282,3016.308601939885,3080.627685546875,215783
2022-05-04,3145.323430353774,3386.4021124407695,3134.164032207012,3188.124267578125,2871830
2022-05-05,3211.243519880512,3224.003785714348,3069.986473551457,3085.99560546875,623098
2022-05-06,3055.860584988326,3130.1147931702103,3001.335460351365,3115.000244140625,560373
2022-05-09,3091.174642542561,3143.72230316408,3037.0261149123407,3062.49951171875,403409
2022-05-10,3070.9280279419204,3127.0542500703027,3046.443474514601,3057.3203125,285192
2022-05-11,3051.1521076520935,3092.3992099043153,3008.7749950458146,3069.84521484375,269579
2022-05-12,3037.497538178254,3051.1052551558905,2972.8958864189462,3029.351806640625,310942
2022-05-13,3037.0262826672592,3127.4307859652613,3037.0262826672592,3087.407958984375,326757
2022-05-16,3142.498431432298,3143.393013412386,3063.771078794494,3093.43505859375,270772
2022-05-17,3097.296020671348,3185.7228354693793,3093.9528914197394,3172.491943359375,277190
2022-05-18,3154.740525566022,3232.5730617922613,3154.740525566022,3196.505615234375,435712
2022-05-19,3168.8663318649214,3191.090865265104,3115.2357871784707,3137.8369140625,394058
2022-05-20,3164.1578055937975,3261.907726641574,3156.6240965328598,3249.1474609375,525530
2022-05-23,3250.0890970091136,3331.7827526890965,3250.0890970091136,3283.802490234375,524978
2022-05-24,3310.1233087979194,3312.948449602014,3239.4947886955456,3268.169921875,230532
2022-05-25,3288.1815877279414,3319.5406990371284,3269.771039429183,3311.5361328125,286553
2022-05-26,3343.0833015269595,3369.3101174200597,3308.710754905626,3353.39501953125,545260
2022-05-27,3374.1601584690566,3374.4898502254873,3305.650487375385,3350.24072265625,165721
2022-05-30,3353.8189270222533,3406.7903202434554,3335.1731805368386,3367.803466796875,213495
2022-05-31,3368.132900058565,3484.3402644827734,3348.0272230546975,3435.182861328125,562987
2022-06-01,3436.407004134981,3455.8532969605308,3327.0739691154863,3344.307373046875,241386
2022-06-02,3361.917757497698,3374.913451954171,3301.412654999315,3368.556884765625,213099
2022-06-03,3366.626135634295,3387.438098255163,3289.4056200756904,3324.2490234375,271462
2022-06-06,3324.2492431846767,3328.9578115177997,3248.9592815201563,3288.4169921875,153889
2022-06-07,3263.037510036179,3276.1272366547923,3158.507304086968,3186.24072265625,338018
2022-06-08,3187.700582422282,3204.2748339878704,3117.0720613937233,3165.5703125,320103
2022-06-09,3165.240360957583,3184.9223118149785,3113.3049513885,3152.150634765625,347351
2022-06-10,3122.7225458123694,3175.6939400228475,3108.6911040212863,3164.95849609375,503822
2022-06-13,3144.381549277594,3178.283237140425,3117.966438169031,3163.2158203125,463899
2022-06-14,3163.734051966022,3195.234326711438,3135.9535000538535,3185.676025390625,224645
2022-06-15,3190.5256957762817,3204.5571365355177,3156.6711376370345,3188.0771484375,245702
2022-06-16,3201.9206950673392,3231.8670054122003,3175.505581023393,3192.785888671875,481507
2022-06-17,3192.7857531113723,3192.7857531113723,3107.9374942191853,3137.884033203125,527370
2022-06-20,3161.2579564651305,3256.9577628694547,3133.4292601034304,3236.553466796875,364703
2022-06-21,3236.553455423013,3326.840898256283,3233.1526614641307,3285.121826171875,223641
2022-06-22,3268.5490828363104,3309.6453420565426,3243.833746982178,3260.550048828125,170854
2022-06-23,3271.37531054016,3302.8922371309013,3247.9533079482517,3268.0224609375,351311
2022-06-24,3284.834621938294,3357.5914108399843,3284.834621938294,3323.48828125,301133
2022-06-27,3354.7654516640255,3358.549335081263,3302.317305325189,3313.669189453125,419730
2022-06-28,3309.741496109295,3324.0149621223445,3245.6063205503815,3290.294921875,182574
2022-06-29,3290.2949306183573,3310.316372666958,3218.735587982212,3261.029296875,374478
2022-06-30,3237.894716676712,3336.707889405868,3237.894716676712,3320.662109375,479308
2022-07-01,3268.5493352245117,3448.6452540469645,3268.5493352245117,3433.6533203125,292487
2022-07-04,3424.6964068123316,3557.3255117918175,3424.6964068123316,3544.8720703125,614359
2022-07-05,3553.0623291680004,3557.8521139201816,3483.131471786155,3502.865478515625,612519
2022-07-06,3496.68686056263,3679.4171693162643,3489.1190933574035,3669.741943359375,1043070
2022-07-07,3667.059400834919,3718.884968153738,3640.0930047998527,3650.0556640625,519620
2022-07-08,3668.9752624162356,3689.04441453071,3633.0518753821343,3656.473876953125,379513
2022-07-11,3668.208826733871,3678.9378981512796,3621.0773900199656,3635.829833984375,208602
2022-07-12,3623.9511775107785,3628.597362314482,3559.911661222627,3568.86865234375,283587
2022-07-13,3574.18563017633,3603.9302427881644,3556.032391199455,3569.347900390625,164377
2022-07-14,3569.3478517707385,3629.699143950437,3556.94235515349,3615.473388671875,265732
2022-07-15,3625.8672082767152,3700.3963088971186,3620.2153555844466,3687.08056640625,660790
2022-07-18,3697.714036073145,3716.8731761564254,3600.960378652578,3616.23974609375,455399
2022-07-19,3616.239892432129,3637.45878125876,3584.9626885309676,3628.21435546875,228968
2022-07-20,3645.026235726338,3687.1763420001776,3634.345109164248,3667.3466796875,440495
2022-07-21,3682.3868144939047,3703.222379846465,3660.3538028567145,3693.4033203125,282104
2022-07-22,3697.7138127867775,3763.812842082707,3682.051123163998,3708.682373046875,433423
2022-07-25,3708.6824708795443,3750.4015437674493,3688.1343406142223,3722.52490234375,290157
2022-07-26,3736.0323394394513,3736.0323394394513,3635.9258318826764,3647.0859375,267527
2022-07-27,3640.236563461772,3701.4499215968654,3622.1789806425336,3692.4931640625,200264
2022-07-28,3701.0667566079524,3718.78896056738,3675.106029149333,3706.6708984375,316008
2022-07-29,3719.746925426692,3783.3074641232147,3713.903294342057,3736.415283203125,418970
2022-08-01,3736.4154514637958,3751.3596744631172,3676.8305718469046,3693.546875,323129
2022-08-02,3712.0831760252568,3744.653712279414,3600.0981022783585,3628.884521484375,355859
2022-08-03,3621.077617291114,3633.866437347119,3569.395881671425,3611.498046875,428088
2022-08-04,3604.5525318987325,3632.572772828382,3569.347613807635,3616.33544921875,506667
2022-08-05,3587.548918813398,3674.6271154418528,3524.1801576297044,3533.041259765625,798850
2022-08-08,3533.0412009125284,3546.2608200211494,3460.9069941675552,3478.724853515625,310094
2022-08-10,3486.9632848374,3520.300233346801,3471.683918317818,3494.387451171875,191222
2022-08-11,3511.870425129818,3527.964149794365,3479.491431172525,3487.2509765625,167070
2022-08-12,3496.542976088061,3513.115678612982,3455.9734044451557,3505.883056640625,228587
2022-08-16,3523.4139068274826,3567.38404102713,3520.492091105877,3535.29248046875,239514
2022-08-17,3537.735090879655,3558.762199599893,3526.3832072325213,3549.422119140625,353941
2022-08-18,3555.936441794801,3570.2578524023234,3526.2877189381634,3537.783203125,232262
2022-08-19,3537.783117959011,3553.4935190856645,3489.3104005875903,3508.5654296875,177955
2022-08-22,3508.5655942457215,3576.05362075802,3482.221775716162,3521.881103515625,366371
2022-08-23,3496.543057767295,3549.1827482589856,3485.0475737417587,3524.036376953125,189150
2022-08-24,3522.40773070077,3532.945257227207,3483.5625293212543,3505.30810546875,187721
2022-08-25,3522.8389663010676,3523.557434059924,3486.9635229840724,3493.2861328125,208578
2022-08-26,3510.7689230526244,3513.7863941536007,3474.606045086621,3496.686767578125,220796
2022-08-29,3465.8885329595287,3573.179720270603,3434.515440241335,3551.769287109375,525684
2022-08-30,3560.726171835914,3607.809664872925,3560.726171835914,3590.183349609375,467342
2022-09-01,3573.179520434692,3587.931964314419,3517.7139050754813,3561.82763671875,314888
2022-09-02,3579.645809441594,3600.8644633800013,3544.4408897929743,3548.51220703125,202152
2022-09-05,3526.239841261271,3558.810380409025,3504.3027187387165,3508.613525390625,234232
2022-09-06,3517.618029657727,3537.352036991152,3443.855342216648,3457.0751953125,390746
2022-09-07,3448.6450025220124,3520.3002287941,3437.1495191802724,3513.690185546875,287734
2022-09-08,3528.155671269906,3531.987499313642,3480.1619314716236,3518.24072265625,384831
2022-09-09,3530.550415791654,3544.440791867893,3488.735687567806,3496.06396484375,134487
2022-09-12,3496.06396484375,3496.06396484375,3496.06396484375,3496.06396484375,0
2022-09-13,3510.9125179100024,3606.7082209907667,3510.9125179100024,3599.715087890625,398871
2022-09-14,3552.104762716423,3603.547009834885,3552.104762716423,3589.465087890625,389253
2022-09-15,3606.708146288748,3629.6991145519437,3556.942326344285,3565.0849609375,311462
2022-09-16,3547.8417191353174,3584.100251515185,3468.858210703777,3486.532470703125,559137
2022-09-19,3482.1734196595335,3489.022718117461,3414.254367280479,3441.316650390625,211795
2022-09-20,3458.560392096766,3510.912652283597,3450.561357032883,3497.1181640625,346604
2022-09-21,3492.7113450105553,3629.6992008351604,3484.089731706909,3607.330810546875,773841
2022-09-22,3605.750311066409,3674.196295036565,3593.2968695032146,3665.095703125,687172
2022-09-23,3665.0954367935406,3681.2371053510533,3623.328653065479,3637.0751953125,326581
2022-09-26,3637.0751200912496,3666.915619530914,3616.766479443843,3628.261962890625,626882
2022-09-27,3646.4155449795335,3726.261358182921,3640.236768818233,3663.371337890625,584760
2022-09-28,3657.384021512914,3705.3777618757035,3636.0217670188,3691.199951171875,364917
2022-09-29,3708.6826568549036,3710.1675370105686,3649.816244774146,3702.02490234375,450207
2022-09-30,3707.2937017938925,3724.2015498032624,3659.443794976217,3681.476806640625,309896
2022-10-03,3699.629887873253,3715.148744304521,3595.97898854081,3610.491943359375,251830
2022-10-04,3646.9421644102986,3665.765925215123,3616.8144646473993,3657.623291015625,153835
2022-10-06,3675.92043386145,3685.8830929364526,3602.5887800207056,3609.15087890625,308216
2022-10-07,3617.2455547915515,3635.4467374030555,3575.3349369361144,3626.48974609375,318472
2022-10-10,3592.3389080762054,3651.732244689732,3560.7263256851347,3638.17724609375,185199
2022-10-11,3656.3781849004326,3660.066178939873,3561.6840440779965,3571.167724609375,202644
2022-10-12,3589.0338902552176,3615.712852714957,3569.683205387138,3604.792236328125,271156
2022-10-13,3612.9348006950454,3634.4888330470644,3591.2848790931967,3625.484130859375,156770
2022-10-14,3640.332270747861,3654.5098463959075,3610.779205521228,3636.64404296875,350141
2022-10-17,3642.056535494125,3642.056535494125,3594.7814990284205,3618.8740234375,93315
2022-10-18,3636.979689892914,3644.97849062746,3590.9977532589687,3608.48046875,189866
2022-10-19,3611.497726450552,3630.1778871046067,3584.674931665243,3610.060791015625,182278
2022-10-20,3604.7920987752614,3643.014488546894,3590.087365650978,3630.800537109375,230082
2022-10-21,3633.530842073708,3654.17486186416,3603.4510863120104,3633.243408203125,404955
2022-10-24,3633.243408203125,3633.243408203125,3633.243408203125,3633.243408203125,0
2022-10-25,3644.0684322254833,3644.9304999759947,3534.8613340988522,3556.990234375,228569
2022-10-27,3557.8523442356113,3611.402047681021,3545.6863369527537,3597.416015625,317971
2022-10-28,3608.6239305639415,3632.572854977029,3575.09543638562,3618.8740234375,215005
2022-10-31,3628.7412468500834,3640.236731264603,3582.1367306700427,3608.193115234375,198318
2022-11-01,3621.0775547369985,3648.4752192042824,3597.176573736929,3628.7412109375,338873
2022-11-02,3628.7409793776415,3634.871810396327,3558.1395979110325,3567.3837890625,185469
2022-11-03,3551.14658244426,3602.4452263303456,3549.661702325938,3596.218505859375,140994
2022-11-04,3590.470817217915,3654.5580476205787,3588.6505585736313,3644.260009765625,258490
2022-11-07,3764.81906909445,4013.8399520406774,3764.81906909445,3965.2236328125,3142443
2022-11-09,3965.9420342395033,4058.8638645103324,3965.9420342395033,3999.805908203125,1198458
2022-11-10,3978.0121649204557,4013.504283181009,3935.574390948748,3960.816650390625,417581
2022-11-11,3980.6466706823435,4001.3863459587674,3913.2543029067665,3926.330322265625,344558
2022-11-14,3927.6235976913435,3978.8742958563407,3903.291584075644,3931.40771484375,336120
2022-11-15,3951.093824436982,3978.970467942891,3911.578096407396,3965.319580078125,325881
2022-11-16,3953.249020689699,3970.7317358111836,3921.636439922083,3957.79931640625,149924
2022-11-17,3946.782840794895,3975.521550800683,3932.557085791542,3951.764404296875,238478
2022-11-18,3964.026102989705,3964.026102989705,3890.359302552783,3933.419189453125,281217
2022-11-21,3944.8666976302766,3974.563362911126,3922.9295771507122,3946.830322265625,288522
2022-11-22,3960.1464131066214,3989.1723222690234,3934.904153333697,3982.802001953125,319387
2022-11-23,3985.1010188669534,4017.7192667881977,3965.4629008653255,3980.454833984375,247440
2022-11-24,3996.596297721067,4032.5673932134478,3980.4546299575945,4014.9892578125,231515
2022-11-25,4034.9146821427744,4034.9146821427744,3973.8926371945863,4007.8046875,244021
2022-11-28,3993.578992893185,4051.487210860118,3986.058937156524,4035.92041015625,222792
2022-11-29,4047.3683534370653,4121.131042955327,4047.3683534370653,4105.18115234375,598884
2022-11-30,4117.251350925869,4203.419299822464,4109.683116652447,4178.8955078125,1101544
2022-12-01,4181.05128500943,4225.06959886884,4153.079219603329,4216.20849609375,501703
2022-12-02,4215.010653098904,4257.208470377254,4196.13871375565,4246.52734375,530333
2022-12-05,4236.900377075964,4241.498383755217,4186.2722540909845,4218.22021484375,212913
2022-12-06,4213.957208121086,4264.489442921417,4197.815538146221,4238.33740234375,349352
2022-12-07,4238.337389190964,4248.539538274659,4199.0611499419765,4208.83203125,252294
2022-12-08,4208.831664538142,4255.867445383748,4199.8751410576115,4210.125,282421
2022-12-09,4216.927073011574,4240.301132251056,4199.875624060861,4224.8779296875,233437
2022-12-12,4233.259475697389,4252.418614710517,4199.683271677847,4246.19189453125,233360
2022-12-13,4264.824528485455,4264.824528485455,4224.590334820497,4240.4443359375,158169
2022-12-14,4253.328641380763,4259.076382788034,4205.526685560768,4224.302734375,195654
2022-12-15,4242.1209942411815,4296.437345780462,4226.506481512463,4277.70947265625,370501
2022-12-16,4272.009608968547,4288.917457922433,4231.009232942764,4257.83203125,346508
2022-12-19,4267.6979763916315,4346.250441950355,4237.522334134317,4336.19189453125,330662
2022-12-20,4338.587504577925,4343.329579103875,4279.2418778857245,4319.47607421875,206833
2022-12-21,4319.475301392998,4339.544685216974,4220.901631564042,4233.06787109375,303234
2022-12-22,4257.160764046793,4259.412056471155,4192.977647217104,4206.8203125,243325
2022-12-23,4191.205566940118,4214.0052246917285,4142.302048118319,4149.77392578125,224215
2022-12-26,4134.063638099496,4214.915119350439,4132.434924017913,4191.3974609375,166686
2022-12-27,4196.522505920893,4215.010889311667,4167.113038296761,4185.5537109375,138087
2022-12-28,4178.608500198054,4222.147833638785,4178.608500198054,4201.5517578125,159245
2022-12-29,4191.062014854495,4205.191881076004,4115.910098595721,4165.484375,244626
2022-12-30,4172.094003660154,4191.013652098123,4117.82537203997,4126.3515625,117753
2023-01-02,4195.803724974376,4195.803724974376,4095.3618453427666,4111.69482421875,255314
2023-01-03,4076.203184968101,4115.048156701684,4029.454599726555,4063.51025390625,496975
2023-01-04,4076.0591824925637,4096.223989540289,4039.0819500280804,4056.94775390625,216319
2023-01-05,4056.947926480234,4202.557391610103,4056.947926480234,4131.8603515625,686633
2023-01-06,4131.860755956155,4185.314575101593,4128.795106131349,4175.78271484375,297438
2023-01-09,4195.852125387919,4203.419892976818,4153.893791235037,4180.81201171875,170110
2023-01-10,4176.692705850065,4179.566576977943,4135.7877530289425,4144.9365234375,235445
2023-01-11,4144.12185788404,4175.399059446803,4117.299062687379,4132.91357421875,224668
2023-01-12,4137.703432546075,4158.395397044257,4103.887737959382,4118.49658203125,248083
2023-01-13,4123.046850607967,4186.942768409579,4107.192849656532,4153.79736328125,183772
2023-01-16,4153.797481841823,4163.712430439202,4119.215140253393,4128.41162109375,84814
2023-01-17,4127.836816970949,4189.098355764966,4111.3120583047275,4178.65625,169798
2023-01-18,4176.692734559358,4236.086071610432,4172.429638589383,4208.97607421875,192855
2023-01-19,4195.659588535785,4214.9627949398855,4173.914246805625,4188.57080078125,139431
2023-01-20,4178.608514891111,4178.608514891111,4131.525020980138,4137.36865234375,154486
2023-01-23,4147.954064631626,4174.250172996849,4137.560136993083,4155.47412109375,119143
2023-01-24,4167.879009487763,4223.584581649077,4141.439771244673,4211.2265625,135586
2023-01-25,4199.6832636191375,4257.1606805482315,4176.6922968475,4203.65869140625,288089
2023-01-27,4248.539410453102,4252.371238557232,4170.753112838301,4196.23486328125,340484
2023-01-30,4211.657991435812,4232.254067135998,4138.374280223521,4221.47705078125,218721
2023-01-31,4232.253983598428,4232.253983598428,4084.728607076436,4136.0751953125,605699
2023-02-01,4147.858199047587,4257.640172163831,4144.936617102541,4187.1826171875,622541
2023-02-02,4328.960055752299,4402.770456925051,4186.2721707490155,4380.78515625,1669243
2023-02-03,4397.023019794016,4463.8405264673565,4377.959767354557,4434.23974609375,517467
2023-02-06,4411.391622967676,4440.417530584613,4406.6018383607625,4431.17333984375,315190
2023-02-07,4443.962776537868,4467.911702904207,4403.44138022701,4413.16455078125,327040
2023-02-08,4411.34375379224,4445.159444801624,4385.526628587217,4401.6201171875,252710
2023-02-09,4401.668664826532,4460.343529074692,4382.7967254694195,4442.3818359375,284415
2023-02-10,4464.079754607707,4472.893146374438,4403.776172538365,4428.34814453125,207919
2023-02-13,4406.601928604512,4441.088378480547,4386.484832843491,4395.1064453125,185536
2023-02-14,4397.31021357549,4429.593554392535,4388.4013997993525,4406.458984375,245495
2023-02-15,4406.458702440892,4406.458702440892,4339.737089390251,4395.5380859375,197822
2023-02-16,4403.728221289233,4423.749428549047,4374.989511992153,4379.779296875,160313
2023-02-17,4377.863612138435,4395.106838619506,4324.984197162171,4342.65869140625,203456
2023-02-20,4344.574615228263,4353.914696259843,4257.161036342958,4266.548828125,308681
2023-02-21,4267.650601088561,4337.485570822669,4263.483394708337,4314.015625,229380
2023-02-22,4315.596125587092,4349.986687066257,4289.444087554093,4295.9580078125,262918
2023-02-23,4301.227048642311,4306.974790800854,4238.768063418506,4264.345703125,210031
2023-02-24,4272.488020344806,4306.543203002416,4233.83436365062,4255.771484375,234456
2023-02-27,4242.360363523824,4282.067869007435,4191.061952328306,4203.7548828125,162723
2023-02-28,4205.431137542374,4287.096969996927,4195.851567752984,4274.16455078125,349283
2023-03-01,4252.371401464688,4267.267446689172,4172.046608204166,4195.66015625,331092
2023-03-02,4205.430983578541,4219.800337736554,4160.4547179629935,4209.45458984375,147032
2023-03-03,4215.011210010454,4257.879789930446,4196.235157433546,4226.458984375,212204
2023-03-06,4204.473595105625,4204.473595105625,4099.960384848357,4138.23095703125,681562
2023-03-08,4138.23039353688,4186.271840675152,4124.723107090855,4157.19775390625,228626
2023-03-09,4157.197916718016,4167.1128650163,4095.457869978602,4111.26416015625,242653
2023-03-10,4126.304190684238,4178.3692510008,4102.6906424539875,4129.7529296875,367075
2023-03-13,4127.836651698346,4163.328770920283,4109.635468968649,4126.49560546875,282671
2023-03-14,4133.584679961083,4161.269545217281,4097.182311979966,4112.4619140625,197998
2023-03-15,4133.584535624184,4141.870770285317,4059.438755928484,4064.70751953125,195193
2023-03-16,4084.6808684499038,4138.374170294534,4071.317181424021,4129.9443359375,260044
2023-03-17,4144.074400812055,4186.272220880358,4124.579881702086,4179.13525390625,294948
2023-03-20,4181.099165592386,4183.015079569402,4083.2916635152346,4149.72607421875,176552
2023-03-21,4171.902494943386,4201.599160234602,4080.896585179983,4085.399169921875,231876
2023-03-22,4099.097713190271,4099.097713190271,4052.157823508962,4066.00048828125,146015
2023-03-23,4071.3176066428437,4076.5863706043815,4020.3063919243186,4064.32470703125,197372
2023-03-24,4063.6532391218366,4063.6532391218366,4013.695879485093,4023.371337890625,198393
2023-03-27,4046.4582706389588,4066.8148578543028,4022.269855241903,4037.59716796875,283791
2023-03-28,4051.6794111851286,4051.6794111851286,3978.395695626395,4023.419677734375,224554
2023-03-29,4028.2092883736723,4117.251580909691,4022.4138354759234,4096.416015625,316461
2023-03-31,4097.613198158767,4151.593698817576,4078.0705019131856,4140.43359375,244995
2023-04-03,4161.365336089238,4163.28125014821,4102.307378771888,4142.25390625,365323
2023-04-05,4151.78545479081,4175.63848948774,4114.425133439439,4145.6064453125,390846
2023-04-06,4145.845742794486,4145.845742794486,4108.00644471443,4119.02294921875,208718
2023-04-10,4119.023011592224,4119.023011592224,4064.6112451870295,4087.02734375,253654
2023-04-11,4087.0272745595903,4124.291704874543,4079.2200192796518,4097.51708984375,248398
2023-04-12,4097.5176003769175,4118.065498041791,4083.770823430642,4091.7216796875,325329
2023-04-13,4130.40485855967,4238.56124905274,4114.376086056012,4154.95947265625,454438
2023-04-17,4168.405490637337,4292.1519836973985,4150.574493363619,4227.453125,631457
2023-04-18,4239.486773809031,4262.822932955365,4180.098011518255,4191.64453125,190132
2023-04-19,4215.175890754912,4215.175890754912,4161.0491691980715,4183.849609375,347248
2023-04-20,4184.970121968217,4207.868095860244,4137.517534700039,4147.35888671875,164008
2023-04-21,4149.891924302977,4223.944938213995,4139.465849140777,4216.92919921875,273401
2023-04-24,4216.929482987739,4228.281411896668,4186.918713007966,4200.56005859375,182843
2023-04-25,4202.508465220461,4297.997876208545,4200.559701730908,4289.76416015625,353719
2023-04-26,4287.279946438706,4309.544665860481,4258.827807394303,4292.15185546875,306037
2023-04-27,4294.100746699815,4315.878275865805,4284.356928350145,4302.72412109375,179769
2023-04-28,4302.821916340445,4447.907285243773,4295.708643048779,4436.896484375,482939
2023-05-02,4448.296547567117,4487.759010778655,4384.718134615197,4395.48486328125,261449
2023-05-03,4374.974362835101,4431.488508279296,4329.519546179718,4411.1240234375,525015
2023-05-04,4411.075174790949,4478.258993825816,4394.46215451576,4469.5380859375,244670
2023-05-05,4476.943269603654,4518.159905459218,4466.955856092554,4507.490234375,332347
2023-05-08,4521.13203864753,4579.594952940386,4456.3841707592255,4480.59765625,831450
2023-05-09,4505.541675596945,4514.55470771184,4465.1533575947615,4477.4306640625,367650
2023-05-10,4511.09544083439,4548.21900540627,4469.00195834179,4486.9794921875,368807
2023-05-11,4492.095706620458,4532.824680465284,4487.028730340205,4516.40625,282060
2023-05-12,4515.28507925038,4555.234731440553,4483.958800797187,4498.2333984375,311033
2023-05-15,4528.780800129531,4559.132699759732,4503.057214310797,4512.21630859375,276965
2023-05-16,4513.336472730961,4540.8142296485,4448.052892490681,4488.87939453125,263119
2023-05-17,4491.900390159065,4520.352530878575,4466.2253329046525,4513.2392578125,268353
2023-05-18,4530.875632729836,4536.234732940592,4441.23250193174,4447.419921875,155214
2023-05-19,4470.463930601855,4475.433373194447,4369.2742802614575,4384.572265625,367664
2023-05-22,4384.718223109775,4423.937091660923,4370.102495699409,4383.6953125,172174
2023-05-23,4372.051241536622,4464.178852628895,4371.0768597132355,4405.8134765625,297514
2023-05-24,4421.939748221994,4452.827366329556,4386.03368314352,4404.0107421875,302733
2023-05-25,4462.668851500561,4584.905244303128,4417.116500232514,4446.396484375,861989
2023-05-26,4464.6176888220125,4505.736793681011,4446.250495580608,4478.4541015625,231911
2023-05-29,4493.313340370554,4506.613557373498,4449.027495295681,4458.04052734375,194968
2023-05-30,4465.591530593157,4505.053991206079,4446.103895722578,4456.09130859375,199772
2023-05-31,4453.899264262283,4563.322151480497,4448.296568841258,4537.74462890625,1536463
2023-06-01,4535.747459283648,4535.747459283648,4470.025213952422,4516.50341796875,188427
2023-06-02,4518.208879130572,4597.816070825125,4516.601244146913,4534.91943359375,359550
2023-06-05,4540.521966312898,4591.774547665189,4537.744882837816,4562.640625,349558
2023-06-06,4562.6402426371205,4596.8411384529,4553.334611124833,4584.85595703125,185910
2023-06-07,4594.2103577516045,4782.217523358154,4594.2103577516045,4767.79638671875,1390193
2023-06-08,4776.3224046757505,4788.843306889293,4732.085562827784,4750.16015625,381452
2023-06-09,4761.121528891432,4852.421292515372,4712.207848715434,4753.76513671875,820375
2023-06-12,4773.496866390746,4784.215067152186,4740.3678822190195,4774.71484375,233763
2023-06-13,4779.294517920259,4824.797865541654,4766.9682067129825,4813.5439453125,326814
2023-06-14,4820.266748704782,4849.498202608389,4795.907203785109,4815.0537109375,234174
2023-06-15,4823.190073291499,4891.2992682628965,4788.404451544869,4847.98828125,452909
2023-06-16,4847.987930139937,4929.007678530665,4842.677359225811,4915.4638671875,407485
2023-06-19,4920.628467457802,4934.6594712996375,4874.150261723547,4892.419921875,197576
2023-06-20,4892.419589298434,4932.807905570025,4879.752625787835,4926.9130859375,251372
2023-06-21,4940.700632484918,4954.975231227001,4916.3896153691985,4939.67724609375,272200
2023-06-22,4935.244274281494,4941.9674141699625,4847.549904156057,4859.291015625,145196
2023-06-23,4844.675008542779,4859.193678490616,4818.6102944772965,4843.45703125,191942
2023-06-26,4851.398970843845,4893.345921498742,4825.431312486379,4880.8740234375,179192
2023-06-27,4872.445234768974,4908.740960655958,4822.362100108935,4827.33154296875,175475
2023-06-28,4861.1910462353835,4891.348354780655,4832.836439265823,4864.26025390625,253814
2023-06-30,4862.360442578133,4903.4305419315215,4828.110540324369,4895.830078125,196106
2023-07-03,4906.012277666428,4919.263965070406,4862.262630761868,4879.99609375,139105
2023-07-04,4879.996614760668,4896.1714492407,4845.16246229751,4881.79931640625,121493
2023-07-05,4896.0736529993455,4984.35274238319,4833.42109133315,4965.54736328125,186513
2023-07-06,5065.8113927419645,5135.333635015533,4989.80960612264,5041.01318359375,966410
2023-07-07,5041.013155418896,5056.60326540752,4913.710258697518,4925.01318359375,224712
2023-07-10,4943.039076957921,4968.811666948628,4863.626956955542,4902.943359375,308544
2023-07-11,4920.628219235683,5025.082141248013,4920.628219235683,4953.65966796875,385742
2023-07-12,4953.659834207903,4983.817143030947,4913.174458304896,4943.916015625,180640
2023-07-13,4959.505673832249,5016.117349799334,4941.528615646902,4959.9443359375,232034
2023-07-14,4986.8864707136845,5018.066690929167,4954.829401959122,5001.697265625,220335
2023-07-17,5018.018052405263,5065.811292350158,4989.90704057752,5011.6845703125,272290
2023-07-18,5018.066797096124,5028.346335856938,4922.577370665945,4934.416015625,189358
2023-07-19,4951.760208460352,5012.22041408726,4920.726050283189,4936.12109375,353528
2023-07-20,4940.11594644644,4963.501110689973,4887.54785568171,4923.11279296875,327126
2023-07-21,4931.882143390989,4978.068222582919,4871.909132281553,4917.705078125,438176
2023-07-24,4917.7052758923255,4918.679657757967,4817.539010413344,4841.60595703125,224646
2023-07-25,4878.729799857261,4878.729799857261,4750.111398902366,4760.43994140625,396810
2023-07-26,4774.4707861616025,4866.988527724841,4754.983150299719,4855.92919921875,231869
2023-07-27,4837.80571557792,4887.499188185065,4641.759903924706,4748.55224609375,558492
2023-07-28,4778.368604612141,4832.349264085622,4726.726366430158,4777.7353515625,357681
2023-07-31,4779.440633929649,4784.604667562201,4643.173233450567,4671.13818359375,800189
2023-08-01,4701.489935861889,4719.418466656929,4628.411297480704,4693.9384765625,413904
2023-08-02,4715.033514441071,4715.033514441071,4647.80117046578,4686.24072265625,395487
2023-08-03,4686.72796550799,4695.156272988777,4647.801221987638,4676.009765625,239070
2023-08-04,4667.289043369673,4708.213080910701,4644.537132106077,4675.5712890625,401478
2023-08-07,4629.287825489397,4691.648259257303,4499.890115729933,4540.37548828125,1079453
2023-08-08,4514.067596922821,4557.62265671156,4478.307592074536,4487.36962890625,533341
2023-08-09,4501.546457633316,4514.652083370519,4457.796809239191,4483.033203125,912658
2023-08-10,4483.130955768471,4500.328700511692,4415.21634954622,4424.13232421875,587011
2023-08-11,4423.693726620082,4444.155746060395,4374.633503902755,4394.75439453125,1112908
2023-08-14,4403.913292916465,4409.077325773634,4340.870604711942,4384.328125,557851
2023-08-16,4373.610063386067,4396.946221076238,4308.131418800704,4383.25634765625,518358
2023-08-17,4383.256664920687,4409.07778343139,4357.727670650211,4386.27734375,394002
2023-08-18,4383.7438426095705,4438.114158283641,4346.717333158767,4418.8701171875,423415
2023-08-21,4439.235062975852,4443.181119055537,4383.256636857748,4394.94921875,244783
2023-08-22,4408.882360820903,4409.028898701564,4374.974066162698,4396.0693359375,217446
2023-08-23,4438.308874275577,4438.308874275577,4369.810027512817,4396.84912109375,346764
2023-08-24,4422.037156479729,4442.694242928639,4399.772910833609,4426.421875,357303
2023-08-25,4428.175596786931,4443.229510042923,4390.759431046564,4409.85693359375,333873
2023-08-28,4409.07805885981,4409.857374064016,4370.687507490738,4395.38818359375,343698
2023-08-29,4395.388093316791,4423.693696373393,4371.174608656832,4414.6806640625,340257
2023-08-30,4436.312098500749,4441.7682563218395,4396.118846606282,4434.216796875,367571
2023-08-31,4447.955533498002,4457.796885163988,4328.2041013985645,4353.29443359375,874564
2023-09-01,4360.358673050123,4376.874635316212,4312.613963557506,4369.46923828125,383124
2023-09-04,4369.469167193722,4395.436347289808,4335.755461394994,4391.73388671875,394391
2023-09-05,4391.734184986798,4422.719338357008,4370.102717015021,4399.28564453125,453349
2023-09-06,4404.205907507027,4472.41263616311,4387.689945044923,4452.0966796875,300673
2023-09-07,4472.412486687501,4472.80214425518,4405.180142116382,4414.6318359375,479124
2023-09-08,4424.375730735906,4432.073251977443,4398.164479098673,4424.1806640625,278293
2023-09-11,4424.570157517766,4456.822289793392,4423.6933090647135,4451.51171875,302448
2023-09-12,4451.511988647574,4457.212217596558,4393.390206734982,4450.14794921875,321129
2023-09-13,4450.147638026382,4511.826289978818,4432.560237259069,4490.19482421875,435792
2023-09-14,4500.66962733457,4513.288062214634,4436.019298412256,4457.16357421875,473085
2023-09-15,4465.5922074715645,4471.682094291704,4402.8421088313335,4416.72705078125,408326
2023-09-18,4423.693650644246,4485.079707910895,4404.206013416739,4478.4541015625,304844
2023-09-20,4478.453768160382,4479.233083282509,4392.220979848331,4411.416015625,357295
2023-09-21,4404.205837459873,4448.735277054644,4363.281800917103,4441.76806640625,367638
2023-09-22,4441.768089759848,4454.8737156496145,4394.46204234028,4447.7119140625,210753
2023-09-25,4456.871160255851,4467.540831940981,4394.997912092655,4452.9736328125,498354
2023-09-26,4453.168811159878,4490.92610921413,4432.901858255203,4482.302734375,330231
2023-09-27,4483.326160970198,4515.334225570088,4451.950873674515,4508.80615234375,358156
2023-09-28,4508.805898687459,4515.577567006336,4389.638714292226,4408.63916015625,390490
2023-09-29,4438.308824835078,4443.619395625976,4386.227930533293,4420.916015625,230125
2023-10-03,4408.8828834411715,4436.604237878532,4371.66178156876,4380.28515625,543482
2023-10-04,4374.974513496277,4423.693606074186,4352.320135447549,4416.3857421875,318564
2023-10-05,4423.936931252596,4431.683456808158,4384.718064123492,4417.74951171875,302015
2023-10-06,4417.700854201569,4432.901304868712,4399.33366280262,4422.18310546875,238131
2023-10-09,4395.436698128282,4418.82186344752,4378.385015083005,4406.64208984375,255764
2023-10-10,4406.349907652449,4425.593949693387,4387.6415853340695,4413.9013671875,222750
2023-10-11,4406.154670324546,4451.902087916059,4404.8391596891015,4438.2607421875,368192
2023-10-12,4464.617233536494,4473.971393606273,4414.923763673909,4443.91162109375,518582
2023-10-13,4433.436974929838,4464.617191017256,4399.333613584224,4457.50439453125,445822
2023-10-16,4443.13297762891,4473.826007771912,4438.309596868901,4468.56396484375,292118
2023-10-17,4468.710150817435,4491.802714785792,4445.324986835881,4482.49755859375,196669
2023-10-18,4487.028158536417,4504.567030817341,4468.758499910455,4489.6591796875,217179
2023-10-19,4482.20504824965,4497.746629098928,4444.837884841143,4484.5439453125,228881
2023-10-20,4485.079728225641,4489.9516375545845,4441.963330664489,4462.6689453125,351045
2023-10-23,4455.556240524785,4482.156675704241,4400.649726092927,4414.53466796875,203004
2023-10-25,4355.486675454921,4468.125307451137,4355.486675454921,4417.603515625,330082
2023-10-26,4401.867587068992,4408.882850999435,4362.063992922857,4392.318359375,488909
2023-10-27,4396.410967491974,4427.591187119577,4375.94894836136,4398.65185546875,382794
2023-10-30,4384.717922261328,4393.195233886638,4327.22939839168,4347.3017578125,450526
2023-10-31,4345.840398130425,4364.986905508064,4289.131186581326,4313.10107421875,504625
2023-11-01,4328.788707062305,4341.845328109957,4236.319968815154,4284.64892578125,395359
2023-11-02,4396.5082303639165,4451.755393154387,4340.1401478816215,4411.27001953125,822845
2023-11-03,4412.000962891462,4465.007239729322,4408.249497660323,4423.2548828125,335012
2023-11-06,4438.211634462165,4509.585102418524,4429.588260244022,4505.15185546875,205763
2023-11-07,4491.997668118177,4550.363043261642,4473.240818314582,4535.9423828125,282612
2023-11-08,4551.289371010347,4566.440819395844,4531.363070649819,4550.9482421875,385727
2023-11-09,4550.947939127414,4565.466133459341,4511.875131999462,4532.921875,208210
2023-11-10,4538.134968729949,4565.807318305346,4502.6185597447975,4562.00732421875,142336
2023-11-13,4542.860100007513,4582.663691903815,4525.029103281565,4576.0380859375,260394
2023-11-15,4602.005324264246,4603.954087899336,4547.829600054279,4590.11767578125,269650
2023-11-16,4589.338634945468,4607.851890585375,4559.717521076096,4581.64111328125,178375
2023-11-17,4582.517928966319,4624.026691731678,4569.948498013278,4597.42578125,138652
2023-11-20,4571.068686726542,4618.034080488775,4570.727557937034,4591.287109375,126069
2023-11-21,4608.826125018286,4608.826125018286,4545.491305118457,4579.35107421875,129602
2023-11-22,4589.240868584647,4592.115485281212,4543.298860628589,4573.943359375,72533
2023-11-23,4578.6199996513615,4590.264052270547,4559.08383520546,4585.24560546875,109775
2023-11-24,4585.245837797435,4594.21034096681,4521.6188944340365,4525.17529296875,123628
2023-11-28,4513.580200952104,4601.9078180792,4507.490314556519,4592.7001953125,182790
2023-11-29,4595.136351283762,4708.310709865481,4580.958809669987,4680.58935546875,363702
2023-11-30,4691.648602914785,4751.037366920034,4674.596920557358,4728.333984375,961054
2023-12-01,4748.162384716215,4856.318761630539,4735.5439504339365,4843.408203125,485597
2023-12-04,4862.165357133816,4866.988737526498,4789.086719501544,4811.25390625,310152
2023-12-05,4811.254275470596,4847.550001613329,4806.625961398704,4821.63134765625,280497
2023-12-06,4826.113360421086,4894.027966482386,4825.431102809021,4874.978515625,295686
2023-12-07,4874.978609402072,4896.26894864169,4836.003334189003,4887.49951171875,268095
2023-12-08,4895.294579744401,4930.372327529193,4804.677064633686,4815.59033203125,282713
2023-12-11,4832.8362596501065,4847.062329275869,4774.519412981478,4817.48974609375,147976
2023-12-12,4840.729164305619,4844.090972089792,4750.11164975642,4777.44287109375,184238
2023-12-13,4784.214806437416,4801.753679454906,4735.495714722168,4793.2763671875,153558
2023-12-14,4805.8462492785875,4837.805782973976,4771.547818574736,4819.92578125,174503
2023-12-15,4811.49734505325,4842.531500645136,4755.470391359332,4788.0146484375,216579
2023-12-18,4787.966204443016,4799.317657498847,4713.13339515543,4754.49609375,223278
2023-12-19,4766.042514514122,4801.2177926628365,4734.229043885714,4785.4326171875,200718
2023-12-20,4793.958350126895,4922.528216106414,4790.060823012971,4828.01318359375,457942
2023-12-21,4803.702441049131,4982.306440891154,4752.595923552953,4929.982421875,796081
2023-12-22,4944.987470592292,5050.902959039829,4920.676455181623,5028.8818359375,582688
2023-12-26,5022.938538738249,5110.145716083947,5014.16910191019,5101.81494140625,574310
2023-12-27,5107.709887471048,5110.633033152546,5027.810572176766,5083.1552734375,241944
2023-12-28,5091.096762989651,5201.883696602718,5053.875185092982,5146.68505859375,655367
2023-12-29,5125.784238294669,5248.069160173514,5104.445370985826,5201.68896484375,535691
2024-01-01,5202.224434164453,5212.845100638074,5154.479725928068,5183.51611328125,130032
2024-01-02,5183.51620681372,5198.2784719792335,5090.268152263488,5153.359375,193517
2024-01-03,5153.359399608785,5197.255110424969,5105.76075240186,5119.20703125,123303
2024-01-04,5119.207078071883,5237.302346405837,5087.247544294861,5223.953125,413391
2024-01-05,5223.953206396089,5225.950974646017,5121.350988208402,5137.2822265625,299017
2024-01-08,5169.095564712318,5169.095564712318,5038.57692937166,5044.7158203125,236628
2024-01-09,5065.8110824136675,5076.72434910712,4980.065482249712,4991.17333984375,194434
2024-01-10,4980.065648734495,5011.879121068019,4922.0899285036785,4956.33935546875,191450
2024-01-11,4972.173029995595,5053.533914188903,4946.497973182511,5005.107421875,277823
2024-01-12,5017.092374742084,5115.894603689146,4969.39619069771,5019.138671875,462298
2024-01-15,5027.761671767447,5094.0681644328,4987.860545855298,5044.7158203125,400069
2024-01-16,5035.995017541073,5084.324452063575,4976.411663051302,4999.16357421875,203028
2024-01-17,4984.011699759132,5003.694403470571,4925.50025987902,4932.02880859375,270672
2024-01-18,4931.346400121429,4947.86236230986,4846.770248298282,4886.6708984375,514119
2024-01-19,4900.165968972691,5037.2126711011815,4883.893602946541,5007.0068359375,329252
2024-01-23,5034.04603199984,5056.895475498969,4799.707209303066,4918.77685546875,491135
2024-01-24,4918.777179440525,5041.110632072895,4901.140772559738,5010.51513671875,611741
2024-01-25,5018.066416089247,5102.398973025446,4975.291148978418,5010.173828125,342129
2024-01-29,5010.27120013163,5085.785789398492,4980.260431093229,5005.3017578125,275710
2024-01-30,5031.025422124769,5059.86721892897,4950.833989265724,4961.30859375,146422
2024-01-31,4961.308832354607,5086.273305816478,4902.845920793498,5065.2265625,549238
2024-02-01,5062.936278626552,5068.685511770243,4995.752940080746,5016.7021484375,344394
2024-02-02,5034.387629737564,5075.55526458663,4999.992139332396,5016.9462890625,176167
2024-02-05,5037.456566833126,5105.517233340981,4948.398162034863,4993.2197265625,231620
2024-02-06,4993.219655821216,4993.706846733093,4864.649783868084,4878.7783203125,336609
2024-02-07,5008.322866283292,5051.098135687145,4798.830761954321,4948.15478515625,1258830
2024-02-08,4970.3220496165995,4991.173727028633,4709.3337637172035,4750.6474609375,623680
2024-02-09,4750.647514194595,4850.521659616468,4735.5445946429945,4844.1396484375,411953
2024-02-12,4844.139553019608,4869.912144249292,4814.17730998323,4842.873046875,158487
2024-02-13,4842.872611387413,4923.940891662542,4813.641157395147,4853.98046875,262011
2024-02-14,4840.290181546468,4896.268606973955,4823.18997104897,4882.2861328125,277479
2024-02-15,4882.578626741687,4914.148501620925,4806.479313697314,4823.7255859375,189625
2024-02-16,4827.0877109580215,4843.213540353619,4769.355586033867,4787.8203125,352139
2024-02-19,4793.910185241002,4821.777125602991,4761.462984091182,4799.07421875,182521
2024-02-20,4784.360901311768,4807.600003373513,4754.10653545843,4795.0791015625,129279
2024-02-21,4808.330822647284,4860.508780279514,4762.778471270059,4796.8818359375,235932
2024-02-22,4798.782182493819,4840.72913170172,4735.495889708204,4829.96240234375,255308
2024-02-23,4829.962498802486,4843.067649756443,4786.261375891837,4809.89013671875,115910
2024-02-26,4823.1415986894535,4830.010800380233,4766.286322941435,4776.322265625,78084
2024-02-27,4754.009284646353,4813.007918314707,4754.009284646353,4778.7099609375,434014
2024-02-28,4768.965493846245,4790.158297266832,4742.511124041225,4762.5830078125,96877
2024-02-29,4759.90340987024,4853.297996396787,4705.14344061157,4838.00048828125,447941
2024-03-01,4838.000743582701,4858.949952455533,4788.258266818905,4801.46142578125,316277
2024-03-04,4780.317149621693,4815.833556829072,4709.674468547993,4714.93603515625,307520
2024-03-05,4715.082501096046,4742.75532742871,4687.751279352249,4702.02587890625,156956
2024-03-06,4715.033912024439,4762.583557406074,4666.07122260943,4755.71435546875,190965
2024-03-07,4745.239608512112,4776.419827705621,4711.233777108669,4763.89892578125,216747
2024-03-11,4768.673051528928,4830.643829079553,4746.311274712602,4810.91259765625,295000
2024-03-12,4809.256528248136,4813.446179755574,4728.479894937579,4744.4111328125,140625
2024-03-13,4767.260662600911,4847.549630676125,4698.469209873422,4732.2314453125,410729
2024-03-14,4728.918799896232,4826.064862424766,4660.4684736833415,4812.37451171875,240217
2024-03-15,4791.47433646468,4880.386682464479,4786.163764942582,4846.7705078125,491571
2024-03-18,4852.42138671875,4885.5503680738575,4832.93375062751,4852.42138671875,143928
2024-03-19,4870.934853058971,4871.8607061225575,4677.032865509715,4693.548828125,265081
2024-03-20,4698.566719891585,4709.0413245692,4638.057513064566,4679.8583984375,300159
2024-03-21,4689.212259102437,4700.417649435877,4645.657203758303,4683.56103515625,449591
2024-03-22,4677.0328558581705,4767.601838657129,4662.31959484464,4740.36767578125,264787
2024-03-26,4626.754355694605,4847.549362516669,4619.251901441157,4834.3466796875,554559
2024-03-27,4832.9340162376675,4852.421653399917,4754.983467588673,4794.15380859375,327107
2024-03-28,4815.686981780804,4843.846996430096,4739.977801353569,4785.4326171875,648795
2024-04-01,4803.6537126328085,4833.615952779556,4758.637083469239,4769.7939453125,181877
2024-04-02,4784.214710210104,4788.989085947694,4745.239437621834,4774.42236328125,93480
2024-04-03,4745.239604329186,4771.4993854670265,4682.879165997139,4710.74658203125,246246
2024-04-04,4715.9597254162445,4730.62398226136,4658.1300662355625,4690.28466796875,372526
2024-04-05,4690.284242318665,4723.413222916051,4668.8478431085905,4689.748046875,189143
2024-04-08,4701.440827902359,4716.982408298556,4658.519498879446,4703.14599609375,235219
2024-04-09,4725.751776100443,4725.751776100443,4660.8578524329205,4671.86865234375,180114
2024-04-10,4695.059005852632,4695.107534636814,4625.926422378739,4685.51025390625,509880
2024-04-12,4694.5713466584675,4697.348429844896,4623.441477769703,4630.0185546875,620568
2024-04-15,4623.4417338101675,4654.719485372505,4572.627817074611,4639.90869140625,421873
2024-04-16,4626.364749899938,4650.237103811595,4571.1171119668725,4619.251953125,516581
2024-04-18,4623.441747370874,4636.790968646942,4547.050307647819,4574.72265625,670722
2024-04-19,4562.104293238135,4577.645873859574,4522.1061091064885,4548.70654296875,424834
2024-04-22,4554.163469137511,4641.85784017375,4542.860543938358,4631.529296875,321925
2024-04-23,4634.160188172191,4688.725573062359,4602.054115146605,4674.88916015625,279440
2024-04-24,4674.1095219364815,4716.007939581524,4658.519413045303,4705.2412109375,412282
2024-04-25,4692.769065929904,4734.521423483283,4625.877846879375,4720.0517578125,509266
2024-04-26,4719.9543489788375,4736.470312130962,4670.212344382576,4677.4716796875,205462
2024-04-29,4691.648508310145,4701.9770508557085,4653.647616965577,4676.88671875,147362
2024-04-30,4676.057941472298,4701.391866556332,4643.026495844119,4653.5986328125,489132
2024-05-02,4667.240363038835,4688.725291741295,4628.362148019343,4637.71630859375,356664
2024-05-03,4658.6166917768,4658.6166917768,4587.291757188775,4623.0517578125,262493
2024-05-06,4695.497497097764,5072.096073358956,4679.176601490067,4931.93115234375,2837757
2024-05-07,4928.374902033945,5086.175758251203,4919.458927427897,5041.3056640625,1156073
2024-05-08,5019.040947208115,5113.994649515796,4992.58657493555,5094.4580078125,323414
2024-05-09,5094.116702477872,5113.555810167318,4915.756299979824,4940.21337890625,379667
2024-05-10,4940.213304026259,4987.081164184723,4844.382757974852,4936.99755859375,223289
2024-05-13,4944.939011389315,5037.553809394286,4925.499904543156,4999.1142578125,323879
2024-05-14,4999.114636765693,5029.271945492355,4906.012640812556,5009.10205078125,205585
2024-05-15,5017.6282020838335,5032.438997506719,4923.99048063286,4934.27001953125,166198
2024-05-16,4934.415771474769,5018.066548806932,4888.960953133744,5006.13037109375,312988
2024-05-17,5008.225122401764,5008.225122401764,4935.244017767341,4956.4853515625,116594
2024-05-21,4916.730839174034,5058.016208115817,4915.804986103046,5045.44677734375,376474
2024-05-22,5086.077828181673,5166.659391748052,5061.91335033119,5132.45849609375,748236
2024-05-23,5126.368808943653,5158.133751379349,5054.995340742748,5145.8564453125,423256
2024-05-24,5125.346272879644,5149.7543489063055,5085.299082060726,5106.443359375,268208
2024-05-27,5130.120321081047,5130.120321081047,4995.899224361406,5078.7216796875,329998
2024-05-28,5075.55515103236,5149.997830602179,5047.8337965754135,5116.04052734375,259151
2024-05-29,5068.734639138875,5133.043844479736,5066.785875340666,5095.822265625,286144
2024-05-30,5068.831899612789,5107.807173478792,5040.477292720795,5065.37255859375,357619
2024-05-31,5074.580295487561,5087.247258590736,4979.724134325848,5047.1025390625,651525
2024-06-03,5164.223622578743,5164.223622578743,5027.810168397417,5035.41015625,199328
2024-06-04,5072.193033382472,5275.692769260395,4995.704061408373,5188.6806640625,989039
2024-06-05,5188.681081620298,5578.336303077276,5188.583548277117,5346.09228515625,1188965
2024-06-06,5324.997057092407,5372.839303299632,5175.380907398345,5301.076171875,629293
2024-06-07,5292.501297240966,5329.86893787396,5256.790296129801,5323.583984375,226777
2024-06-10,5324.996922664394,5418.29398677146,5267.605925642308,5347.79736328125,306665
2024-06-11,5359.09974308765,5463.114997192123,5359.09974308765,5376.39501953125,476899
2024-06-12,5408.355060404572,5425.358214226146,5291.8678989695045,5299.955078125,279376
2024-06-13,5300.247645429441,5310.332592805654,5204.855756766742,5241.638671875,434594
2024-06-14,5259.274603463922,5310.381122187324,5237.887207160015,5255.474609375,149569
2024-06-18,5280.954322857232,5295.765116620203,5237.594332481961,5257.6181640625,155277
2024-06-19,5277.251953275328,5283.926563917235,5212.942752958457,5223.31982421875,135179
2024-06-20,5223.31978073188,5261.661800301515,5182.736873296992,5240.6640625,296418
2024-06-21,5231.553369267109,5251.77179143057,5181.275173696513,5193.7470703125,244120
2024-06-24,5178.839826145975,5193.455554723998,5115.505002307878,5162.03173828125,463385
2024-06-25,5162.080211895288,5232.430775007896,5153.700908218045,5214.9404296875,160890
2024-06-26,5214.940077339267,5295.326578227895,5182.785476983817,5282.80615234375,221391
2024-06-27,5250.748700274788,5310.381059545983,5244.269156154773,5291.185546875,357573
2024-06-28,5295.765373340256,5349.356375278381,5277.495713588622,5335.2763671875,215576
2024-07-01,5334.789104460103,5348.527983562898,5291.916303486625,5336.2021484375,223560
2024-07-02,5359.100079646889,5359.100079646889,5246.363911298819,5263.26953125,163333
2024-07-03,5282.854954973483,5357.1515732824655,5251.723263615709,5309.50439453125,211361
2024-07-04,5315.204205863758,5346.774081122208,5259.274309761243,5287.2392578125,138170
2024-07-05,5306.435140800365,5412.2041025908275,5294.742558348104,5404.701171875,172330
2024-07-08,5412.691358766229,5472.080124829791,5392.277868013316,5425.89404296875,171210
2024-07-09,5553.9764104565065,5558.8483195884855,5440.022265550558,5523.62451171875,389812
2024-07-10,5524.793382720855,5651.414489038519,5524.793382720855,5608.10302734375,526095
2024-07-11,5651.414823213417,5656.286732543773,5573.464273927714,5613.7060546875,372798
2024-07-12,5631.927184873149,5656.286731520524,5566.83866654032,5638.79638671875,222315
2024-07-15,5658.235189732689,5697.941248623959,5639.721935280317,5660.8662109375,135373
2024-07-16,5663.106775534722,5729.364735055776,5622.28027504313,5712.1669921875,162459
2024-07-18,5696.771990449995,5768.340527335434,5670.902342752065,5721.0830078125,523157
2024-07-19,5700.133514237614,5824.854384292727,5696.869240062168,5727.36767578125,451294
2024-07-22,5727.367875181559,5781.689662272576,5692.338658039924,5737.01416015625,347520
2024-07-23,5737.014310473634,5851.163049838487,5690.974767741766,5792.45654296875,336696
2024-07-24,5796.987472155377,5821.347019199237,5666.030642402061,5680.1591796875,233649
2024-07-25,5675.67656279763,5714.749368897165,5653.071190058426,5680.25634765625,303638
2024-07-26,5680.64577126374,5731.946876770853,5664.178814353998,5722.34912109375,146736
2024-07-29,5746.904306033513,5804.977561011595,5690.43868599674,5746.5146484375,129350
2024-07-30,5747.293664537476,5835.962410660486,5681.912548890099,5692.53369140625,191681
2024-07-31,5745.929668577039,5745.929668577039,5622.329237919936,5636.26318359375,271796
2024-08-01,5636.263223268268,5690.292410819143,5553.976486592173,5583.35400390625,304411
2024-08-02,5561.819993853148,5659.2096477104205,5486.0618068508265,5573.80517578125,406998
2024-08-05,5636.089240847109,5767.368821822796,5576.963690610042,5624.19482421875,1114298
2024-08-06,5650.499820012115,5844.408831397723,5636.286187782918,5778.76904296875,727869
2024-08-07,5814.007481166951,5848.159527121483,5733.90681182657,5761.2978515625,314935
2024-08-08,5769.145094157327,5786.122795924837,5650.944123196149,5670.33984375,271628
2024-08-09,5695.756634926995,5710.710565027724,5646.008682786365,5666.0458984375,232215
2024-08-12,5670.685387047918,5699.8037889483385,5552.237650503836,5572.71923828125,622193
2024-08-13,5605.48982873321,5641.024148791337,5544.390153950104,5593.20068359375,236505
2024-08-14,5602.577933499046,5621.529764115093,5521.7866102108765,5585.94580078125,164575
2024-08-16,5597.1489259755335,5668.168405460075,5589.252410428791,5655.53369140625,144969
2024-08-19,5670.685474048054,5688.699400923838,5644.1335357584085,5658.34716796875,102452
2024-08-20,5666.194609058814,5699.112824603851,5654.152229357375,5691.21630859375,189035
2024-08-21,5699.112584718548,5774.228286495901,5682.036562351499,5761.8408203125,169215
2024-08-22,5782.223811642289,5782.223811642289,5733.512082421593,5761.2978515625,160154
2024-08-23,5761.495154445031,5774.326992205488,5709.526307908194,5717.71875,124435
2024-08-26,5724.97422119019,5784.198092443882,5701.531438818937,5721.9638671875,265107
2024-08-27,5753.401007862568,5769.786373939008,5660.814556292834,5689.7353515625,175740
2024-08-28,5672.2151145036405,5700.692020741746,5616.445972172701,5629.57421875,161445
2024-08-29,5636.138240685299,5769.391946901151,5622.467301099026,5755.9677734375,351330
2024-08-30,5767.368577066064,5832.465190127028,5718.311279786803,5779.50927734375,519387
2024-09-02,5805.96256238125,5857.191595617517,5789.13330540477,5845.5439453125,307023
2024-09-03,5856.253396192,5867.11110516859,5794.068335689708,5839.5224609375,258133
2024-09-04,5774.2779662191715,5858.57317523068,5752.611708402354,5849.88671875,219283
2024-09-05,5835.278379448784,5843.421661324786,5757.842979005503,5774.3271484375,170014
2024-09-06,5771.070087902759,5808.67685901805,5751.723527702076,5767.96044921875,213556
2024-09-09,5784.148493722378,5884.088768890222,5770.576357588473,5862.6201171875,321187
2024-09-10,5902.69487782577,5932.2576524238,5853.341652764007,5892.67626953125,337831
2024-09-11,5876.043924008485,5968.827983772587,5870.3191428941755,5930.9248046875,437060
2024-09-12,5940.795495148819,6049.422229602,5927.026234926918,6030.2236328125,548745
2024-09-13,6058.601656180295,6069.2617595635,5978.995003865108,6053.76513671875,274846
2024-09-16,5922.386716817169,6050.705095681542,5860.004050614003,5984.57177734375,352336
2024-09-17,5994.886762340567,6124.389328692662,5990.642096036652,6032.0,527917
2024-09-18,6055.640487923208,6086.782178982979,5981.659813544703,6044.04248046875,218424
2024-09-19,6049.619315248177,6144.47630691746,6034.566582126813,6055.14697265625,362388
2024-09-20,6085.597866929947,6177.690786780041,6046.608821387324,6130.212890625,663556
2024-09-23,6154.593687998888,6169.152888816495,6110.718479867597,6130.85498046875,312563
2024-09-24,6120.5403212329675,6165.106187909523,6105.043215485858,6122.9091796875,234706
2024-09-25,6122.76104896054,6122.76104896054,6022.623163377949,6100.3544921875,357145
2024-09-26,6119.799909387569,6189.289153901145,6074.740511286466,6173.2001953125,327297
2024-09-27,6157.012153628499,6251.030043118253,6100.8478004767385,6187.70947265625,400543
2024-09-30,6171.768585153988,6280.592443380589,6160.36818326866,6256.16259765625,442617
2024-10-01,6225.317062007801,6379.9902635178405,6225.317062007801,6362.6669921875,416639
2024-10-03,6360.841299917261,6386.20856861246,6208.635759885696,6249.845703125,495791
2024-10-04,6197.037576707993,6257.939647960617,6099.910528188323,6125.72216796875,395753
2024-10-07,6142.156514120604,6154.346856492394,6026.0284777684155,6041.13037109375,374593
2024-10-08,6058.3056684789535,6154.149241016583,5973.763212751454,6124.142578125,708471
2024-10-09,6078.984568985075,6104.993814450162,5991.5305595831205,6018.37890625,551094
2024-10-10,6047.743881973281,6080.169045531761,5902.694568335946,5924.5087890625,287475
2024-10-11,5952.541552855576,5961.3759728055475,5883.990213371434,5901.1650390625,94953
2024-10-14,5927.421086855685,5946.372435953579,5823.680512186264,5900.720703125,219597
2024-10-15,5938.525321649915,6004.263910650922,5909.505723107867,5990.1982421875,426219
2024-10-16,5986.545875033324,6034.912032968465,5943.263002610598,6011.3212890625,276677
2024-10-17,6011.32149219493,6017.04627339876,5889.073459828766,5911.03564453125,188121
2024-10-18,5907.531942748258,5920.412941841352,5794.068684329566,5811.04638671875,354901
2024-10-21,5811.04639862858,5819.238841307363,5688.058063811865,5703.5546875,296733
2024-10-22,5712.537057129359,5728.922424412323,5637.914883671287,5652.91845703125,320607
2024-10-23,5624.885848783208,5722.605234156217,5616.446158140123,5674.48583984375,123095
2024-10-24,5676.460055981315,5705.726422424536,5529.140677286244,5539.80078125,269803
2024-10-25,5539.800799090728,5632.634506098209,5537.43194064283,5596.0634765625,176680
2024-10-28,5603.564981009909,5704.245556677165,5596.0631946652165,5648.27880859375,131887
2024-10-29,5656.668977614,5685.3926506208645,5538.468005122305,5594.18798828125,204751
2024-10-30,5593.299521686193,5723.98675877513,5568.622910379178,5707.7001953125,218180
2024-10-31,5704.2454904814185,5706.219619393161,5634.1639141145415,5652.8193359375,208893
2024-11-01,5693.930594556951,5693.930594556951,5578.937583015844,5619.4072265625,31706
2024-11-04,5611.461812557019,5625.231555437195,5470.163622500164,5552.435546875,249780
2024-11-05,5561.2692452100255,5595.668538741006,5512.310750594827,5532.59521484375,185870
2024-11-06,5563.391323643272,5645.021748746372,5535.506752144393,5621.2333984375,233799
2024-11-07,5636.138192119093,5639.790523488459,5533.483485992931,5615.31103515625,284538
2024-11-08,5608.698067403403,5717.916657404109,5568.5735101015125,5672.8076171875,306281
2024-11-11,5726.602776525374,5825.802760793349,5331.283436233592,5364.35009765625,804824
2024-11-12,5349.889256675766,5356.699904908412,4940.257514697824,4962.515625,2441209
2024-11-13,4944.205786575473,5021.789148056293,4874.56858302632,4981.220703125,928244
2024-11-14,4981.220801688741,4985.169059532148,4837.6029226348,4852.01416015625,479979
2024-11-18,4905.710572558681,4905.710572558681,4729.667522319418,4847.8193359375,439087
2024-11-19,4861.243474475613,4887.301880734725,4815.492938767209,4829.41064453125,436205
2024-11-21,4811.939382822109,4821.810027709949,4685.496325415859,4741.21630859375,1036549
2024-11-22,4727.101063163329,4807.991191933547,4703.954689757525,4785.63427734375,410476
2024-11-25,4841.5513616553935,4915.581198989575,4810.952362223933,4840.51513671875,722912
2024-11-26,4840.515058001768,4965.230269697216,4829.657348702658,4948.74658203125,314200
2024-11-27,4948.74648731055,4959.998925793964,4877.085510915021,4919.67724609375,255840
2024-11-28,4922.095863127929,4947.70989736499,4827.880365136978,4859.9599609375,321308
2024-11-29,4816.874503865072,4891.842241439735,4816.874503865072,4877.2333984375,212644
2024-12-02,4866.721220883721,4894.852557420621,4803.253170184738,4843.77197265625,314800
2024-12-03,4836.171509816325,4856.159565245435,4812.778371159816,4846.091796875,289449
2024-12-04,4852.853350730084,4909.5599158715095,4778.379143000978,4788.79248046875,392107
2024-12-05,4797.133253877386,4829.706380909887,4743.437043889549,4808.97802734375,526114
2024-12-06,4808.978289511474,4843.229620771659,4777.3922252125485,4807.84326171875,236965
2024-12-09,4782.278191951479,4793.086258708175,4688.605388269677,4731.0,467154
2024-12-10,4737.761327030055,4767.472062931004,4721.178355334962,4725.32421875,264213
2024-12-11,4745.806195035279,4851.422098294176,4731.246993417814,4826.251953125,358246
2024-12-12,4836.616142795123,4845.450563025654,4747.780336090723,4765.89306640625,406271
2024-12-13,4761.598849894871,4800.193165821649,4711.258563546479,4787.361328125,284721
2024-12-16,4806.017056747621,4806.017056747621,4728.038961146252,4783.80810546875,208757
2024-12-17,4754.196263916284,4777.293477307473,4703.510404385695,4714.96044921875,312523
2024-12-18,4713.23274476315,4736.823488705182,4691.072955093369,4720.78369140625,228821
2024-12-19,4688.556195476153,4741.660070756781,4664.521079428435,4723.84375,247805
2024-12-20,4728.03876421538,4745.312392268359,4619.95520582674,4637.32763671875,363168
2024-12-23,4644.138565857378,4673.750501452643,4603.471314853842,4643.4970703125,332554
2024-12-24,4641.22655769464,4704.892219566803,4629.381783392842,4682.73291015625,227672
2024-12-26,4693.39297856838,4735.047293999137,4647.099749083739,4700.0556640625,398117
2024-12-27,4714.219970133686,4745.164538064326,4677.15589158837,4707.6064453125,131505
2024-12-30,4698.130887067212,4755.676552103441,4676.711395572043,4737.36669921875,271403
2024-12-31,4732.973941144001,4732.973941144001,4679.870067603944,4701.14111328125,255918
2025-01-01,4690.7281371278295,4757.354991267611,4690.7281371278295,4732.7275390625,87260
2025-01-02,4728.08808260958,4744.76985811582,4662.004403972483,4725.8671875,402766
2025-01-03,4737.909365200045,4796.590539602976,4723.843696772107,4771.568359375,341848
2025-01-06,4810.458510488684,4810.458510488684,4711.554461592892,4729.2724609375,619930
2025-01-07,4742.795520806745,4822.599296000254,4742.795520806745,4769.7421875,450200
2025-01-08,4787.262825810114,4808.879441970755,4698.574984077089,4797.03466796875,371105
2025-01-09,4797.676192317951,4984.675755783838,4777.441369942987,4862.57568359375,832814
2025-01-10,4864.747299288359,4894.260430905634,4818.503231916006,4875.30908203125,305669
2025-01-13,4858.529040749257,4933.249533698282,4842.538403174916,4863.31591796875,448698
2025-01-14,4884.9331650716795,4885.969390035041,4787.361740556445,4799.50244140625,283367
2025-01-15,4807.991187209253,4873.335050000062,4741.95666844639,4813.91357421875,242422
2025-01-16,4822.8459865242885,4836.6157281690785,4681.745414817247,4781.8828125,454269
2025-01-17,4783.413514220014,4859.812212432926,4753.406848907345,4791.60595703125,492847
2025-01-20,4797.133249091306,4844.512342909493,4774.085197684655,4822.20458984375,155962
2025-01-21,4822.204484052141,4880.194519484481,4787.361302357115,4840.416015625,377457
2025-01-22,4866.2277061056675,4910.843211734689,4820.033282939208,4892.58251953125,460132
2025-01-23,4880.194524062959,4977.716779303105,4820.033236000851,4947.75927734375,361082
2025-01-24,4972.5349124168415,5041.925352417607,4948.302190308694,5035.55859375,509954
2025-01-27,5037.631503306447,5147.541228813239,5037.0391682293875,5109.29248046875,937878
2025-01-28,5114.129089375868,5148.7751493909545,4953.287219802317,4995.28662109375,456912
2025-01-29,5034.028969710576,5034.028969710576,4926.438938789312,4971.89306640625,298533
2025-01-30,4971.9425379310205,5038.964119046976,4969.820445713663,5009.69775390625,354016
2025-01-31,5037.977301653616,5103.123559864654,4974.90397532413,5063.29541015625,316771
2025-02-01,5093.252658916588,5309.419777579908,4985.662631819319,5134.06787109375,634040
2025-02-03,5164.913666625163,5164.913666625163,4950.128340540883,5039.5068359375,517520
2025-02-04,5051.795896334271,5051.795896334271,4925.747572254401,4963.3056640625,434664
2025-02-05,4992.572385037636,4992.572385037636,4860.65130719968,4868.84375,384948
2025-02-06,4868.301011911162,4914.396635782265,4842.58769200498,4891.94091796875,466931
2025-02-07,4945.1930538044735,5009.746974521001,4781.340349826121,4807.49755859375,701024
2025-02-10,4851.422004735373,4944.206067491248,4813.913553834062,4846.14111328125,625074
2025-02-11,4847.42441160868,4875.654069644955,4791.21089772145,4840.61328125,279638
2025-02-12,4835.678207352436,4869.140079899475,4780.8961269066995,4854.67919921875,336331
2025-02-13,4852.359909904134,4886.70956163558,4804.289676083578,4825.46240234375,341650
2025-02-14,4828.423477366528,4890.904465747361,4810.705477282785,4875.7529296875,489241
2025-02-17,4870.669711690084,4904.723436495699,4848.361957888173,4899.4921875,275352
2025-02-18,4899.492353522327,4902.798634094146,4796.541234848174,4827.93017578125,314216
2025-02-19,4817.861620336725,4835.628780583818,4750.099741676242,4774.92431640625,215919
2025-02-20,4756.663569523546,4784.301374036238,4730.012829457736,4769.89013671875,319761
2025-02-21,4787.262936916939,4787.460542607594,4721.672306572523,4769.39697265625,334003
2025-02-24,4688.556398758193,4767.028026905829,4641.177302518109,4742.15380859375,259886
2025-02-25,4723.991638367387,4790.914897022752,4698.426765594664,4735.984375,479647
2025-02-27,4735.984373429951,4797.824346558076,4704.842682937537,4720.931640625,386556
2025-02-28,4720.932012365072,4724.535183449571,4494.894236380376,4536.005859375,676501
2025-03-03,4536.005597256066,4611.565189412139,4489.317158792092,4537.140625,412033
2025-03-04,4471.451231513411,4521.742359293106,4447.712523679271,4516.017578125,321501
2025-03-05,4520.6564849215865,4673.947886805747,4501.013998295723,4661.06640625,350741
2025-03-06,4663.87951620329,4737.810546956019,4594.439435902362,4641.7197265625,460852
2025-03-07,4629.332593340309,4703.362432253001,4599.720657775233,4686.8291015625,191644
2025-03-10,4687.569163056888,4761.54983779093,4649.122809205147,4676.41552734375,290019
2025-03-11,4658.944326881294,4732.974162583856,4650.603439272774,4700.4501953125,147357
2025-03-12,4708.198630512452,4739.389963570848,4651.442424554871,4730.06201171875,223033
2025-03-13,4728.038631042471,4775.417723796132,4651.837064077643,4667.08740234375,284758
2025-03-17,4540.496699722536,4681.6960836528715,4540.496699722536,4614.427734375,322411
2025-03-18,4614.427734375,4614.427734375,4614.427734375,4614.427734375,0
2025-03-19,4734.948428347677,4734.948428347677,4612.848356348256,4646.21142578125,469240
2025-03-20,4680.561075328332,4777.392199567965,4654.009136562593,4768.607421875,265168
2025-03-21,4777.392192693186,4790.371994509655,4724.633402241975,4751.728515625,304441
2025-03-24,4754.097210545367,4770.284971438663,4708.544281708913,4734.80029296875,173845
2025-03-25,4730.0128804178585,4802.068585816544,4677.303734779504,4782.52490234375,422209
2025-03-26,4784.20272715459,4813.518734968652,4732.036273043344,4786.966796875,453242
2025-03-27,4767.521345409852,4861.687198572138,4718.217282809493,4778.57666015625,6750074
2025-03-28,4799.058380025166,4963.601740989118,4799.058380025166,4873.03857421875,415586
2025-04-01,4826.84397298044,4900.775004040117,4819.391347189015,4837.4052734375,557968
2025-04-02,4842.340505399765,4989.610711673765,4837.405183231937,4972.23828125,459267
2025-04-03,4925.500705925926,5024.157989287446,4917.555029986258,5007.822265625,339959
2025-04-04,4968.339720438982,5083.381888647495,4913.458840937465,4958.41943359375,722283
2025-04-07,4562.21216159614,5006.391190743319,4545.481225378892,4990.4501953125,841464
2025-04-08,4996.964797107449,5120.98935331011,4973.472373174902,5112.3525390625,303185
2025-04-09,5082.888737867842,5282.868105703142,5082.888737867842,5270.3818359375,549745
2025-04-11,5330.888593423873,5330.888593423873,5237.857764385277,5280.99267578125,304650
2025-04-15,5358.674267776252,5361.734264062234,5240.325332825184,5321.560546875,446075
2025-04-16,5281.288344663336,5371.604741922787,5281.288344663336,5346.138671875,215423
2025-04-17,5349.889464893137,5398.551550819142,5326.98937624262,5384.0419921875,186873
2025-04-21,5409.607062622439,5409.607062622439,5300.536433953563,5323.4365234375,201975
2025-04-22,5369.630754990341,5414.048656456254,5314.355144277205,5365.18896484375,286928
2025-04-23,5365.189117597378,5477.2209389288655,5336.366641261742,5472.58154296875,266881
2025-04-24,5478.208038443869,5549.967821210964,5357.490241481854,5391.24755859375,339754
2025-04-25,5391.444789715814,5449.58278900701,5292.639542592934,5350.3828125,244513
2025-04-28,5342.980256934093,5410.890103253367,5333.405538285821,5358.57568359375,107666
2025-04-29,5358.575406526699,5463.4018461162605,5335.576997142086,5397.564453125,294207
2025-04-30,5413.061626465241,5475.049083230999,5316.428109942329,5368.544921875,284371
2025-05-02,5310.406803403839,5337.0575438670185,5208.245631628319,5232.4287109375,262909
2025-05-05,5250.19613052371,5310.40706565474,5241.312549930608,5289.6787109375,97149
2025-05-06,5280.795115793317,5345.447841042748,5242.299599995945,5323.732421875,175899
2025-05-07,5291.652871725203,5325.213065278394,5249.702629783715,5281.7822265625,168716
2025-05-08,5281.782068964768,5409.11338776433,5245.7542151959,5321.2646484375,265391
2025-05-09,5304.978150491946,5432.309470877742,5285.236860509652,5365.6826171875,476782
2025-05-12,5468.337254557814,5548.78301019797,5344.95419376003,5535.951171875,192712
2025-05-13,5556.679649576971,5567.0438269143115,5391.346344433683,5414.048828125,366566
2025-05-14,5385.4237184308895,5513.2485665864615,5367.163025837237,5413.0615234375,389963
2025-05-15,5437.738456191389,5457.9732789091095,5386.904633266383,5394.3076171875,462518
2025-05-16,5401.217045919295,5455.505594443703,5381.969287806095,5430.33544921875,154274
2025-05-19,5430.335377960385,5475.740345221346,5389.372200974953,5448.1025390625,147864
2025-05-20,5446.62193825707,5478.208002415139,5349.889616772983,5357.7861328125,275067
2025-05-21,5364.695690165792,5462.415078082336,5346.434996464216,5422.43896484375,166304
2025-05-22,5422.438696569684,5424.412825520833,5344.954135237069,5367.1630859375,211388
2025-05-23,5388.385023537889,5427.867602937324,5336.070605833637,5415.529296875,100229
2025-05-26,5428.854638009049,5475.740200791855,5417.996928733031,5453.53125,140009
2025-05-27,5453.531239961651,5468.337207128969,5404.178016070596,5425.39990234375,166840
2025-05-28,5423.919520936586,5434.283698365128,5340.0190369912525,5402.2041015625,321303
2025-05-29,5430.829005336753,5461.921537810055,5381.969311450135,5424.4130859375,201350
2025-05-30,5424.412782982487,5460.4406360584335,5367.163043848108,5439.21875,401901
2025-06-02,5443.660776075351,5647.983129773918,5440.206050288178,5532.49658203125,625172
2025-06-03,5532.496331431878,5566.056523272857,5473.765995710166,5503.3779296875,166545
2025-06-04,5507.81997487933,5522.625942553737,5449.089636437517,5470.3115234375,334358
2025-06-05,5470.31129586356,5538.41874433245,5449.0894097464425,5527.56103515625,218004
2025-06-06,5533.976802743953,5572.47231604227,5483.142983901304,5534.9638671875,152475
2025-06-09,5566.056414440303,5646.995699062418,5516.20965988644,5623.30615234375,174499
2025-06-10,5656.866461841859,5656.866461841859,5583.823691264944,5593.6943359375,456712
2025-06-11,5586.7851960038715,5626.267776894359,5561.121518425055,5576.91455078125,138866
2025-06-12,5624.293350818352,5624.293350818352,5488.078453939986,5497.45556640625,305696
2025-06-13,5437.738284756508,5521.1452343048695,5354.824867453995,5497.94921875,324985
2025-06-16,5480.18221720169,5499.923507609477,5443.16729768709,5488.572265625,239006
2025-06-17,5478.208056478405,5524.600088668402,5458.466766184789,5496.46875,277917
2025-06-18,5502.884653467082,5546.809024243636,5473.272718112102,5500.4169921875,220971
2025-06-19,5514.729362693696,5536.9383139485035,5451.063702429915,5486.1044921875,114523
2025-06-20,5492.027008149499,5527.561330991588,5439.712588409758,5514.7294921875,395396
2025-06-23,5479.194873708788,5516.703323573845,5379.994894460412,5497.45556640625,221233
2025-06-24,5527.561212057149,5565.069663138965,5483.636841711337,5544.34130859375,183157
2025-06-25,5557.173032914331,5660.32127126949,5537.925275517914,5634.1640625,282474
2025-06-26,5650.944174489668,5764.456590221775,5636.138207220262,5752.61181640625,456290
2025-06-27,5773.339934083506,5773.339934083506,5673.646425220036,5719.544921875,350140
2025-06-30,5724.974163070416,5784.198033722868,5686.478647146321,5775.314453125,257865
2025-07-01,5789.133417463763,5793.575207809644,5646.996126395599,5669.205078125,178343
2025-07-02,5673.153273929998,5757.053757320002,5604.058758197053,5715.103515625,300622
2025-07-03,5724.480244095964,5811.3419151849275,5706.219551878397,5719.544921875,224236
2025-07-04,5744.221869534702,5768.404949834315,5682.036805907124,5696.8427734375,145106
2025-07-07,5724.973793470641,5823.186705962076,5713.12902010484,5807.88720703125,259829
2025-07-08,5813.8100170325615,5845.396081641227,5736.325452289428,5763.4697265625,423998
2025-07-09,5782.22353917407,5823.6802460100735,5738.299171216875,5805.9130859375,232000
2025-07-10,5828.615583930547,5853.785727434395,5774.820571343888,5801.96484375,191446
2025-07-11,5801.964946180103,5828.122154596873,5643.04756674237,5684.0107421875,175941
2025-07-14,5692.401079356773,5733.364256882923,5669.698595426618,5703.2587890625,218865
2025-07-15,5724.974056234336,5744.71534608342,5687.465605521076,5710.66162109375,164143
2025-07-16,5710.661373050419,5753.598676607189,5661.801682796164,5711.6484375,261589
2025-07-17,5717.570985962387,5784.197838194145,5710.661534619834,5732.376953125,196555
2025-07-18,5732.376745272385,5744.7150507938495,5651.930993272437,5661.30810546875,196043
2025-07-21,5660.8147855498655,5666.73717242228,5595.668529953302,5608.0068359375,329167
2025-07-22,5621.825876305961,5664.269649930956,5561.12140937719,5634.65771484375,235846
2025-07-23,5662.788764639474,5682.530053691729,5596.6554463144175,5645.51513671875,246735
2025-07-24,5650.450519068876,5677.101259572826,5578.394813261902,5599.61669921875,229097
2025-07-25,5599.616765381994,5624.293377251296,5497.94912448047,5521.638671875,233003
2025-07-28,5524.106335320084,5595.668509770313,5498.936191203107,5551.744140625,173142
2025-07-29,5529.0415302904485,5581.849478495489,5499.923128943743,5553.224609375,363002
2025-07-30,5554.211928251289,5684.010909691674,5554.211928251289,5672.65966796875,176798
2025-07-31,5671.672509063366,5749.650603079379,5645.51530031116,5696.34912109375,344973
2025-08-01,5724.480596757502,5822.693515005174,5701.778113142463,5723.0,244870
2025-08-04,5752.5,5802.0,5714.0,5787.0,189672
2025-08-05,5795.0,5795.0,5610.5,5635.5,380387
2025-08-06,5599.5,5625.0,5371.0,5402.5,1123534
2025-08-07,5380.5,5560.0,5380.5,5476.5,795974
2025-08-08,5479.5,5503.0,5380.0,5387.0,551451
2025-08-11,5361.0,5400.0,5310.5,5381.5,598841
2025-08-12,5390.5,5390.5,5317.5,5338.0,323204
2025-08-13,5363.5,5393.0,5299.0,5375.5,388683
2025-08-14,5395.0,5398.5,5298.0,5302.5,215308
2025-08-18,5400.0,5667.0,5400.0,5439.0,509058
2025-08-19,5446.0,5513.0,5399.0,5499.0,153026
2025-08-20,5482.0,5734.5,5475.5,5701.0,453573
2025-08-21,5701.0,5711.5,5586.0,5597.5,273141
2025-08-22,5622.0,5667.5,5525.5,5545.5,269981
2025-08-25,5565.5,5608.5,5545.0,5550.5,145718
2025-08-26,5574.5,5794.5,5574.5,5765.5,1307463
2025-08-28,5765.5,5780.0,5702.5,5721.0,379247
2025-08-29,5671.0,5893.5,5671.0,5824.0,699161
2025-09-01,5838.5,5873.0,5779.0,5846.5,210421
2025-09-02,5840.0,5920.5,5823.0,5891.5,492611
2025-09-03,5891.0,5928.5,5865.0,5908.0,399664
2025-09-04,6201.0,6336.0,6053.5,6083.0,1385580
2025-09-05,6066.0,6104.5,5998.5,6076.0,352302
2025-09-08,6117.5,6178.0,6065.0,6115.5,250083
2025-09-09,6116.0,6165.0,6088.0,6142.5,216456
2025-09-10,6144.5,6238.5,6117.0,6199.0,346491
2025-09-11,6180.0,6319.5,6150.0,6300.5,406083
2025-09-12,6276.0,6285.5,6207.0,6247.0,212051
2025-09-15,6250.0,6270.0,6202.5,6212.0,166253
2025-09-16,6219.5,6225.0,6180.0,6202.5,261236
2025-09-17,6202.5,6205.0,6035.0,6097.5,713445
2025-09-18,6105.0,6129.0,6062.0,6100.5,267540
2025-09-19,6105.5,6110.0,6048.0,6069.5,345995
2025-09-22,6075.0,6108.0,6025.0,6056.5,394394
2025-09-23,6066.5,6069.5,5927.0,5934.0,333112
2025-09-24,5935.0,6050.0,5905.5,5970.5,360372
2025-09-25,5970.5,6036.0,5939.5,5953.5,374676
2025-09-26,5955.0,5980.5,5900.0,5920.5,189383
2025-09-29,5900.0,5990.0,5841.0,5929.0,259852
2025-09-30,5953.0,6031.0,5917.5,5991.0,298070
2025-10-01,5960.5,6018.0,5904.0,5966.5,324111
2025-10-03,5965.0,6014.0,5931.5,5992.5,268735
2025-10-06,6015.5,6034.0,5957.5,6011.0,197199
2025-10-07,6012.0,6036.0,5867.0,5887.0,240923
2025-10-08,5855.0,5902.0,5801.5,5836.0,239639
2025-10-09,5836.0,5893.0,5795.5,5876.0,231585
2025-10-10,5874.5,5920.0,5858.5,5871.5,228395
2025-10-13,5871.5,5953.0,5848.0,5862.0,238217
2025-10-14,5869.0,5885.0,5794.0,5800.5,176227
2025-10-15,5815.0,5880.5,5782.0,5857.5,221062
2025-10-16,5876.0,6040.5,5858.0,6025.5,364305
2025-10-17,6037.0,6149.0,5994.0,6083.0,392965
2025-10-20,6124.0,6148.0,6062.5,6070.0,181283
2025-10-21,6108.0,6108.0,6050.0,6075.0,9159
2025-10-23,6075.0,6145.0,6049.0,6068.0,255605
2025-10-24,6068.0,6069.5,5987.0,6053.0,82081
2025-10-27,6053.0,6053.0,5811.5,5912.0,433152
2025-10-28,5939.0,5939.0,5806.5,5861.0,392984
2025-10-29,5894.0,5906.0,5840.0,5852.5,119742
2025-10-30,5850.0,5869.5,5792.0,5859.5,258697
2025-10-31,5878.0,5905.0,5825.0,5836.5,264794
2025-11-03,5834.0,5899.5,5775.0,5820.5,279737
2025-11-04,5820.5,5920.0,5805.0,5892.5,363441
2025-11-06,6186.0,6191.5,5993.5,6013.5,1038063
2025-11-07,5970.0,6169.5,5913.5,6157.5,715809
2025-11-10,6190.0,6261.5,6121.5,6133.5,395489
2025-11-11,5950.0,5965.0,5723.0,5950.5,2154927
2025-11-12,5950.5,5970.0,5841.0,5880.0,609987
2025-11-13,5902.0,5918.0,5835.5,5851.5,361321
2025-11-14,5851.0,5851.0,5750.0,5803.5,415356
2025-11-17,5803.5,5850.0,5782.0,5830.5,332821
2025-11-18,5818.0,5862.0,5805.5,5840.0,262201
2025-11-19,5850.0,5882.5,5804.5,5874.5,280409
2025-11-20,5882.0,5900.0,5763.5,5819.0,641980
2025-11-21,5816.0,5855.0,5764.5,5813.0,320317
2025-11-24,5815.0,5849.0,5785.0,5815.5,696665
2025-11-25,5815.5,5878.0,5790.0,5867.0,309271
2025-11-26,5865.0,5904.5,5843.0,5880.5,157291
2025-11-27,5890.5,5900.0,5815.5,5826.5,156675
2025-11-28,5826.5,5852.0,5795.0,5846.0,220417
2025-12-01,5825.0,5856.0,5800.0,5813.5,199275
2025-12-02,5792.0,5894.0,5792.0,5875.5,290994
2025-12-03,5908.0,5908.0,5812.0,5824.5,308053
2025-12-04,5840.0,5882.5,5824.5,5876.5,239085
2025-12-05,5855.0,5974.0,5838.5,5961.0,244408
2025-12-08,5961.0,5985.0,5825.0,5847.5,185407
2025-12-09,5850.0,5893.0,5780.0,5884.0,174714
2025-12-10,5904.0,5966.0,5812.0,5828.5,329466
2025-12-11,5840.0,5895.0,5813.0,5847.0,115481
2025-12-12,5848.0,5925.5,5830.0,5915.5,202721
2025-12-15,5915.5,6055.0,5857.0,6038.0,244119
2025-12-16,6059.5,6145.0,6032.0,6066.0,284337
2025-12-17,6060.0,6116.0,6051.0,6096.0,298257
2025-12-18,6132.0,6134.5,6012.5,6040.5,199067
2025-12-19,6020.0,6116.0,5992.5,6103.0,179450
2025-12-22,6102.5,6102.5,6066.0,6083.0,206588
2025-12-23,6083.0,6119.0,6030.0,6061.0,216840
2025-12-24,6065.0,6078.0,6004.0,6030.0,97580
2025-12-26,6006.5,6069.5,6002.0,6032.5,65992
2025-12-29,6039.0,6065.5,6005.0,6041.5,103209
2025-12-30,6045.0,6045.5,5980.0,6013.0,205456
2025-12-31,6013.0,6070.0,5995.0,6031.0,179577
2026-01-01,6031.0,6063.0,5992.0,6009.5,138484
2026-01-02,6009.5,6033.0,5941.5,5984.5,265702
2026-01-05,5970.0,6092.0,5930.5,6026.5,468880
2026-01-06,6040.0,6142.5,5948.5,6129.5,300112
2026-01-07,6200.0,6271.0,6157.5,6185.0,437361
2026-01-08,6155.0,6158.5,5945.5,6033.5,641813
2026-01-09,6033.5,6106.5,5930.0,5977.5,139764
2026-01-12,5977.5,6000.5,5905.0,5943.5,228799
2026-01-13,5930.0,5970.0,5896.0,5918.0,327794
2026-01-14,5893.5,5945.5,5868.0,5906.5,307200
2026-01-15,5906.5,5906.5,5906.5,5906.5,0
2026-01-16,5875.0,5944.0,5862.0,5898.5,453904
2026-01-19,5898.5,5970.0,5879.0,5943.5,145915
2026-01-20,5943.5,5994.5,5862.0,5884.0,350070
2026-01-21,5870.0,5899.0,5787.0,5802.5,662863
2026-01-22,5850.0,5975.0,5819.0,5932.0,435081
2026-01-23,5950.0,5964.0,5813.5,5835.0,142248
2026-01-27,5839.0,5925.0,5805.0,5886.0,1044402
2026-01-28,5924.0,5924.0,5680.0,5748.5,442618
2026-01-29,5711.5,5733.0,5693.0,5723.0,343244
2026-01-30,5723.0,5887.5,5710.5,5860.5,806045
2026-02-02,5733.0,5899.0,5697.5,5888.5,279213
2026-02-03,5920.0,5975.5,5821.0,5882.0,349825
2026-02-04,5899.5,5965.0,5855.0,5879.0,160343
2026-02-05,5855.0,5946.5,5844.5,5870.5,275290
2026-02-06,5870.0,5917.0,5805.0,5911.0,186858
2026-02-09,5900.5,5915.5,5792.5,5843.0,331118
2026-02-10,5874.0,5893.5,5847.0,5873.5,276901
2026-02-11,6000.0,6156.0,5973.5,6019.0,771051
2026-02-12,6057.0,6148.0,6020.0,6102.0,455997
2026-02-13,6080.0,6098.5,5968.0,5980.5,159821
2026-02-16,5980.0,6134.0,5964.5,6106.0,255274
2026-02-17,6106.0,6154.5,6066.5,6145.5,164220
2026-02-18,6161.0,6190.0,6116.0,6176.0,193569
2026-02-19,6170.0,6198.0,6093.5,6108.5,127940
2026-02-20,6109.0,6137.5,6066.5,6098.5,388361
2026-02-23,6136.0,6150.0,6042.0,6122.5,225252
2026-02-24,6083.0,6173.5,6065.5,6162.5,193510
2026-02-25,6170.0,6208.5,6140.0,6158.0,253773
2026-02-26,6158.0,6187.0,6070.0,6137.0,245317
2026-02-27,6135.5,6142.5,5975.0,6002.5,350612
2026-03-02,5866.0,6001.0,5866.0,5959.0,185417
2026-03-04,5901.5,5924.0,5845.5,5889.5,293377
2026-03-05,5899.0,5997.5,5851.0,5963.0,211179
2026-03-06,5948.0,6013.0,5926.5,5983.0,348722
2026-03-09,5930.0,5932.5,5815.5,5890.0,245594
2026-03-10,5911.0,5995.0,5911.0,5968.0,283327
2026-03-11,5981.0,5995.0,5900.0,5921.5,298621
2026-03-12,5910.0,5910.0,5713.0,5787.0,996754
2026-03-13,5750.0,5881.0,5727.0,5808.5,738522
2026-03-16,5808.5,5872.5,5764.5,5842.0,350827
2026-03-17,5849.0,5868.5,5801.5,5857.5,260165
2026-03-18,5860.5,5914.0,5842.0,5885.0,301564
2026-03-19,5799.0,5852.0,5642.5,5673.5,234382
2026-03-20,5735.0,5749.5,5592.0,5618.5,462806
2026-03-23,5590.0,5590.5,5475.5,5490.0,316325
2026-03-24,5590.0,5600.0,5404.5,5513.5,542905
2026-03-25,5536.5,5737.5,5536.5,5647.0,342559
2026-03-27,5600.0,5627.0,5483.0,5500.0,378825
2026-03-30,5480.0,5533.0,5364.5,5423.0,783793
2026-04-01,5520.0,5538.0,5433.5,5474.0,252740
2026-04-02,5460.0,5471.0,5351.5,5442.0,444248
2026-04-06,5420.0,5548.0,5402.0,5535.0,228390
2026-04-07,5493.0,5552.5,5384.0,5542.0,204113
2026-04-08,5698.5,5698.5,5556.0,5594.5,482250
2026-04-09,5620.0,5659.5,5430.5,5475.0,624921
2026-04-10,5500.0,5570.0,5405.0,5557.5,339513
2026-04-13,5526.5,5613.0,5444.0,5589.0,350782
2026-04-15,5670.0,5724.0,5600.5,5654.5,542939
2026-04-16,5640.0,5705.5,5534.5,5586.0,455115
2026-04-17,5601.5,5750.0,5568.5,5735.5,345936
2026-04-20,5736.0,5762.5,5640.5,5700.0,610941
2026-04-21,5715.0,5864.5,5685.0,5837.5,270416
2026-04-22,5874.0,5924.0,5716.5,5729.5,550506
2026-04-23,5724.0,5728.0,5640.5,5671.5,408915
2026-04-24,5707.5,5753.5,5665.5,5730.5,470926
2026-04-27,5750.0,5804.0,5689.0,5717.5,658091
2026-04-28,5723.0,5735.0,5641.0,5662.0,249233
2026-04-29,5674.0,5734.5,5665.0,5709.0,363567
2026-04-30,5720.0,5752.0,5644.0,5726.0,269033
2026-05-01,5726.0,5726.0,5726.0,5726.0,0
2026-05-04,5730.0,5821.5,5715.0,5792.5,328011
2026-05-05,5775.0,5842.5,5734.5,5834.5,710839
2026-05-06,5878.0,5880.0,5764.0,5783.0,438886
2026-05-07,5798.0,5891.5,5733.5,5814.0,490345
2026-05-08,5634.0,5654.0,5503.0,5520.0,3173832
2026-05-11,5505.5,5508.0,5395.0,5410.5,668220
2026-05-12,5403.5,5425.0,5315.0,5334.0,655043
2026-05-13,5345.0,5383.5,5279.5,5336.0,405228
2026-05-14,5343.5,5397.0,5310.0,5372.5,340218
2026-05-15,5372.5,5420.0,5365.0,5406.0,151714
2026-05-18,5385.5,5399.0,5289.5,5380.5,374914
2026-05-19,5375.0,5470.5,5375.0,5416.5,271643
2026-05-20,5380.0,5390.5,5321.5,5344.5,462006
2026-05-21,5361.5,5373.0,5292.0,5333.0,485793
2026-05-22,5341.0,5358.5,5298.0,5331.5,498183
2026-05-25,5370.0,5370.0,5309.5,5327.0,284971
2026-05-26,5356.0,5356.0,5311.0,5338.0,193734
2026-05-27,5330.0,5352.5,5301.0,5335.5,195454
2026-05-28,5335.5,5335.5,5335.5,5335.5,0
2026-05-29,5335.5,5350.0,5164.5,5204.5,1697949
2026-06-01,5208.0,5230.0,5122.0,5157.5,341856
2026-06-02,5120.5,5148.0,5075.0,5117.0,458858
2026-06-03,5130.0,5142.5,5050.0,5064.0,334445
2026-06-04,5051.5,5119.5,5035.0,5090.0,300651
2026-06-05,5095.0,5135.0,5071.0,5120.5,159398
2026-06-08,5094.0,5103.5,5036.5,5078.5,247859
2026-06-09,5079.5,5125.0,5063.5,5107.5,277222
2026-06-10,5110.0,5232.0,5103.5,5171.0,322498
2026-06-11,5160.0,5190.5,5096.5,5113.0,295275
2026-06-12,5128.5,5178.5,5115.0,5165.5,242017
2026-06-15,5250.0,5258.0,5180.0,5199.5,226798
2026-06-16,5199.5,5232.5,5169.5,5217.5,195644
2026-06-17,5220.0,5239.0,5191.0,5232.0,270826
2026-06-18,5230.5,5250.0,5192.5,5245.0,391567
2026-06-19,5211.0,5240.0,5180.0,5195.0,273184
2026-06-22,5205.0,5230.0,5186.5,5217.5,261961
2026-06-23,5217.5,5275.5,5196.0,5241.0,220646
2026-06-24,5219.5,5291.0,5217.0,5262.5,286835
2026-06-25,5262.5,5298.5,5207.0,5237.0,193478
2026-06-26,5237.0,5237.0,5237.0,5237.0,0
2026-06-29,5233.0,5244.0,5085.0,5102.0,472081
2026-06-30,5112.0,5176.0,5075.5,5146.5,326609
2026-07-01,5146.5,5276.0,5115.0,5262.0,475937
2026-07-02,5287.0,5393.0,5262.0,5374.0,374142
2026-07-03,5409.5,5448.0,5368.0,5379.0,226125
2026-07-06,5379.0,5464.0,5366.0,5454.5,180876
2026-07-07,5454.0,5483.5,5418.5,5447.0,109487
2026-07-08,5410.0,5470.0,5276.0,5315.5,233635
2026-07-09,5326.0,5388.5,5326.0,5361.5,174108
2026-07-10,5390.0,5405.0,5323.0,5353.0,143224
2026-07-13,5335.5,5368.5,5290.5,5348.5,132632
2026-07-14,5244.0,5347.5,5235.5,5283.5,326899
2026-07-15,5311.5,5345.0,5274.0,5315.5,208524
2026-07-16,5311.0,5367.0,5294.0,5310.5,219782
2026-07-17,5312.0,5418.0,5299.0,5412.5,199477
2026-07-20,5412.5,5485.5,5391.5,5470.0,227434
2026-07-21,5466.0,5497.0,5435.0,5482.0,158603
