symbol,stock_code
ACROPETAL,ACRTEC
ALFALAVAL,ALFLAV
AMAR,AMAREM
ANDHRABANK,ANDBAN
ARIHANTRED,ARITHR
BANKRAJAS,BANRAJ
BELCERAMIC,BELCER
BHARATFIN,BHAFIN
BLOWPLAST,BLOPLA
BLUEBIRD,BLUBIR
BRANDHOUSE,BRARET
GEODESIC,BVHOLD
CAPF,CAPFIR
CENTBOP,CENBN
COMPUTECH,COMINT
COREEDUTEC,COREDU
CYBERSPACE,CYBINF
CIPL,DCLPOL
DECOLIGHT,DECCER
DHANUS,DHATEC
DISHMAN,DISPHA
EDSERV,EDSERV
EICHER,EICHER
ELAND,ELAAPP
ENTEGRA,ENTLIM
ERAINFRA,ERAINF
ESTL,ESSSTE
ETC,ETCNET
FTCPOF3YDV,FTCPO2
GEINDSYS,GEIHAM
GRABALALK,GLOALO
GLORY,GLOPOL
GTOFFSHORE,GREOFF
GSLNOVA,GSLNOV
SIGROUPIND,HERCHE
HINDDORROL,HINDOR
MICRO,HININK
HINDLEVCHM,HINLC
FSS,HUGSOF
INDIABULLS,INDBUL
JSWISPAT,ISPIND
JUMBO,JUMBAG
KEMROCK,KEMIND
KESARENT,KESENT
KFA,KINAIR
KLGSYSTEL,KLGSYS
LAKSHMIMIL,LAKMIL
LITL,LANINF
MAWANA,MAWSUG
MICROTECH,MICTEC
MONSANTO,MONSIN
IOLN,NATSYN
NICCO,NICCOR
OCL,OCLIND
PAREKHPLAT,PARPLA
PARAPRINT,PARPRI
PARRYSUGAR,PARSUG
PATNI,PATCOM
PRITHVI,PRIINF
PRICOL,PRILIM
RAINCALCIN,RAICAL
RENVL,RELENE
RELGOLD,RELGOL
RNRL,RELNAT
RPL,RELPET
ORGINFO,SARELE
SCINTSOFT,SCISOF
SHPRE,SHPREC
SILTAPCHEM,SILCHE
SREINFRA,SREINF
SORILINFRA,STOONE
TECPRO,TECSYS
TREADS,TRELIM
TRICOM,TRIFI
TV-18,TV18
TWILITAKA,TWILIT
USHERAGRO,USHAGR
VIJAYABANK,VIJBAN
VIKASHMET,VIKMET
VINCARDS,VINCAR
VISHALEXPO,VISEXP
VISUALSOFT,VISUAL
VITALCOMM,VITCOM
WARTSILA,WARNSD
CAROLINFO,WOCLIF
ZANDUREALT,ZANREA
APLAB,APLAB
BPLREFRIG,BPLREF
CREWBOS,CREBOS
FKONCO,DABPHA
DRDATSONS,DATLAB
DCHL,DECCHR
EXCELCROP,EXCCRO
GEORGWILIM,GEOWIL
HANILERA,HANERA
HINDSPG,HINSPI
HINVDIR,ILFINV
ITIL,INFTE
JINDALDRIL,JINDRI
KOJAMFIN,KOJFIN
NEPCTEX,NEPTEX
NCOPPER,NISCOP
RPGCABLES,RPGCAB
SHRIRAMINV,SHRINV
BALASTEELS,SHRIRA
SYNTHCHEM,SYNCHE
JEYPORE,THEJEY
VDOCONINTL,VIDINT
BIRLAPOWER,BIRYAM
TULIP,TULITS
UNITEDBNK,UNITBA
IFL,INDFOI
NEOCORP,NEOSAC
TELEMARINE,TELMAR
SUNEARTH,SUNEC
SYRSGS,SYRSGS
ELECTROSL,ELESTE
TORRENTSEC,SURELE
GOLDSTAR,GOLPOW
ARE&M,AMARAJ
SHRVINDPPR,SHRVIN
SHLAKSHMI,SHRLA
SIRPAPER,SIRPAP
RAMGOPOLY,RAMPOL
675KA35,STAND8
AUTOLITIND,AUTOLI
FACT,FACT
EMAMIPAP,EMAPAP
GODREJCP,GODCON
SCHAEFFLER,FAGBEA
GBGLOBAL,MANDIN
RUBYMILLS,RUBMIL
ORICONENT,ORICON
SETFNIF50,SBINIF
BALKRISHNA,BALPAP
SHYAMCENT,SHYCEN
ADANIENSOL,ADATRA
MANORAMA,MANOIN
FEDERALBNK,FEDBAN
SGBJUN30,SGBT60
CONFIPET,CONPE
SYNGENE,SYNINT
EMKAYTOOLS,EMKTAP
SGBJUN27,SGBT28
KAYA,KAYLIM
NGLFINE,NGLFIN
AYMSYNTEX,AYMSYN
KCK,KCKIND
PPL,PRAPIP
AARON,AARIN
RAMASTEEL,RAMSTE
AURUM,MAJLIM
PKTEA,PERTEA
SKP,SKPBEA
RADHIKAJWE,RADJEW
DGCONTENT,DIGLI
CSLFINANCE,CONSEC
GUJSTATFIN,GUJSTA
UNIVAFOODS,HOTRUG
MOHOTAIND,RRMAHO
FINCABLES,FINCAB
JISLJALEQS,JAIIRR
SHAREINDIA,SHAWA1
STEELCITY,STECIT
FINPIPE,FININD
KSHITIJPOL,KSHPOL
MUTHOOTCAP,MUTCAP
DYCL,DYNCAB
BNKETFAXIS,AXBETF
LUPIN,LUPIN
UNITDSPR,UNISPI
SATIN,SATCRE
ARVSMART,ARVINF
POWERMECH,POWMEC
RAMRAT,RAMRAT
BLUEBLENDS,BLUBLE
AGNI,AGNGRE
MOHEALTH,MOTHEA
NIFTYBETA,UTINIF
CONS,KOTCON
SENSEXBETA,UTISEN
UFLEX,UFLLIM
SHARDAMOTR,SHAMOT
515GS2025,515K25
NAVKARCORP,NAVCOR
RAMAPHO,RAMPHO
PENPEBS,PENENG
NIFTYBEES,NIFBEE
KRBL,KRBL
MPSLTD,MACIN
MARKSANS,MARPHA
TCI,TRACOR
MOM30IETF,ICI200
SHREEPUSHK,SHRPUS
LOYALTEX,LOYTEX
GUJENERGY,GUJGA
BHARTIARTL,BHAAIR
FLEXCHEM,FLECHE
USASEEDS,UPSSEE
HDFCNEXT50,HDFN50
SADBHIN,SADINF
PNEUMATIC,PNEHOL
HDFCNIF100,HDF100
ASAL,AUTSTA
OLECTRA,GOLTEL
FLEXENGG,FLEENG
PRABHAT,PRADAI
PONNIERODE,PONERO
PNB,PUNBAN
ARVINDREM,ARVREM
MNC,KOTMNC
INNOIND,INNIND
PLETHICO,PLEPHA
TIMBOR,TIMHOM
SHAIVAL,SHAREA
NIFTYQLITY,ADIQUA
MOMENTUM,ADIMOM
FORBESGOK,FORCOM
SURANAT&P,SURTEL
VEEKAYEM,VEEFAS
TEAMGTY,TIMGUA
726GS2032,726H32
INFRAIETF,ICIINF
INDIAMART,INDMAR
FOSECOIND,FOSIND
SPORTKING,SPOIND
OFSS,ORAFIN
762NTPC35F,NTPN13
UNIONBANK,UNIBAN
VERTIS,HIGINV
ZENSARTECH,ZENTE
SILVERADD,DSPSIL
OAL,CAMALL
AHIMSA,AHIIND
ALBK,ALLBAN
FULFORD,FULIND
NUCLEUS,NUCSOF
SYRMA,SYRTEC
CANBK,CANBAN
MOQUALITY,MOTQUA
MOVALUE,MOTENH
SEYAIND,SRIORG
GABRIEL,GABIND
DREAMFOLKS,DRESER
GRMOVER,GRMOVE
HDFCSILVER,HDFSIL
JFLLIFE,JFLLIF
KORE,JAYJAL
DBOL,DHABIO
AMEYA,AMEPRE
LEEL,LLOELE
GENESYS,GENINT
GANESHANHY,GANANH
GODREJIND,GODIND
736GS2052,736I52
RADAAN,RADMED
COAST-RE,COARE1
JUNIORBEES,NIFJUN
DIVISLAB,DIVLAB
IGFLFERT,INDFER
TMB,TAMMER
STCINDIA,STC
GARDENSILK,GARSIL
MEGAFLEX,MEGFLE
SABAR,SABFLE
TAPIFRUIT,TAPFRU
RADICO,RADKHA
INDORAMA,INDRA
ISHAN,ISHINT
PEPL,PEAENG
MARUTI,MARUTI
GARFIBRES,GARWAL
UTISUNDER,NIFUTI
LIQUIDBEES,LIBEES
INDORAMTEX,INDRT
91D221222,TQL22D
INFOBEAN,INFOTE
SANGINITA,SANCHE
BANKIETF,ICIPBE
DCMNVL,DCMNOU
SATIA,SATIND
SIRCA,SIRPAI
SECURKLOUD,8KMILE
KSOLVES,KSOIND
NATHBIOGEN,NATHBI
AGRITECH,AGRITE
GFSTEELS,GRAFOU
LIBAS,LIBDES
DANGEE,DANDUM
WOPOLIN,BAJPLA
SUMIT,SUMWOO
SGBJUL27,SGBT29
CNL,CREPER
HARSHA,HARENG
COFFEEDAY,COFDAY
LIBAS-RE,LIBRE1
IDFCFIRSTB,IDFBAN
SGBAUG30,SGBT61
SILVERAXIS,AXISIL
INDIGO,INTAVI
ANNAPURNA,ANNSWA
KANDARP,KANDIG
GERMANREM,GERREM
SHK,SHKEL
NOIDATOLL,NOITOL
MAKS,MAKENE
UCOBANK,UCOBAN
UGROCAP,UGRND3
BAGFILMS,BAGFIL
1035UCL24,UGRND8
1050UCL25,UGRND9
SUVEN,SUVLIF
JSL,JINSTA
NSIL,NALSON
SKSTEXTILE,SKSTEX
HDFCGROWTH,HDFG15
WELSPUNLIV,WELIND
HDFCQUAL,HDFQ30
HDFCVALUE,HDFV20
IGL,INDGAS
TVSELECT,TVSELE
GHCL,GHCLIM
DREDGECORP,DRECOR
TVTODAY,TVTNET
UPL,UNIP
UNIENTER,UNIENT
SIL,STAIN
LUXIND,LUXIND
BALAXI,ANARUB
905IH24A,IBHN47
905IHF24,IBHN48
LICNETFN50,LICNIF
IHFL22A,IBHN49
833IHFL24,IBHN50
MUKANDLTD,MUKAND
87IHFL24,IBHN51
88IHFL25,IBHN52
93IHFL25,IBHN53
847IHFL25,IBHN54
894IHFL25,IBHN55
APOLLO,APOMIC
905IHFL27,IBHN56
AFFLE,AFFIND
AIFL,ASHINT
GTECJAINX,KEEKNO
PETRONET,PETLNG
955IHFL27,IBHN57
PTC,POWTRA
87SCL27,IBHN58
DHANBANK,DHABAN
915SCL27,IBHN59
VAIBHAVGBL,VAIGLO
865SCL24B,IBHN60
905SC24B,IBHN61
TTKHLTCARE,TTKHEA
BIOCON,BIOCON
TIPSFILMS,TIPFIL
MAHABANK,BANMAH
PVTBANIETF,ICIPRI
UMANGDAIRY,UMADAI
GICHSGFIN,GICHOU
ZOTA,ZOTHEA
SALZERELEC,SALELE
POONAWALLA,MAGFI
XPROINDIA,XPRIND
RKFORGE,RAMFOR
CLASSIC,CLADIA
TATAINFOTE,TATINF
DATAMATICS,DATGLO
91D050123,TQA23A
NDTV,NDTV
182D060423,THD23A
364D051023,TYJ23A
SDL24BEES,NIFCP
STER,STEIND
KRITINUT,KRINUT
SPANDANA,SPASPH
BANKBEES,BANBEE
LICNETFSEN,LICSEN
PILANIINVS,PILINV
SPICEJET,SPILI
CMRSL,CYBME
GIPCL,GUJIP
CCL,CCLPRO
NV20,KOTN20
SUZLON-RE,SUZRE1
JPASSOCIAT,JAIASS
EXCELINDUS,EXCIND
LLOYDS,LLOLUX
MATRIXLABS,HERDRU
LT,LARTOU
KRIDHANINF,KRIINF
APARINDS,APAIND
AMBICAAGAR,AMBAGA
SWASTIK,SWAPIP
ABFRL,ADIFAS
FROG,FROCEL
CENTEXT,CENEXT
NIITLTD,NIIT
OPTOCIRCUI,OPTCIR
GLAXO,GLAPHA
EMIL,ELEMA
LUMAXAUTO,LUMAUT
ULTRACEMCO,ULTCEM
TCS,TCS
HDFCMOMENT,HDFM30
COFORGE,NIITEC
HDFCLOWVOL,HDFV30
TEXINFRA,TEXMAC
GRUH,GRUFIN
COASTPP1,COAPP1
DCI,DCINF
PPLPHARMA,PIRPHA
FORCEMOT,FORMOT
WESTLIFE,WESDEV
TRACXN,TRTEC
GULFPETRO,GPPET
HDFCNIFTY,HDFRGE
HDFCSENSEX,HDFSEN
LINCOLN,LINPH
INDSWFTLTD,INDSW
GUFICBIO,GUFBIO
91D190123,TQA23C
182D200423,THD23C
364D191023,TYJ23C
PHANTOMFX,PHADIG
CRANESSOFT,CRASOF
ASTRAMICRO,ASTMIC
GOLDENTOBC,GTCIND
GTL,GLOTEL
EBANK,EDENI
WELENT,WELEN
NARMADA,NARAG
NTPC,NTPC
SALSTEEL,SALSTE
NEWGEN,NEWSOF
BOHRAIND,BOHIND
KOTARISUG,KOTSUG
LALPATHLAB,DRLAL
JBMA,JBMAUT
79NHIT35,NHAN21
79NHIT40,NHAN22
DWARKESH,DWASUG
79NHIT47,NHAN23
PRESSMN,PREADV
INDOCO,INDREM
GMBREW,GMBREW
SUPRAJIT,SUPENG
PATELENG,PATEN
ALKEM,ALKLAB
XCHANGING,XCHSOL
SUVEN-RE,SUVRE1
UTVSOF,UTVSOF
JSWSTEEL,JSWSTE
CONSOFINVT,JINPHO
SHRIRAMCIT,SHRCIT
GNFC,GNFC
JINDALPHOT,JINPH
725IRFC35,INDN17
BCP,BCPOW
732IRFC25,INDN18
753IRFC30,INDN19
750IRFC35,INDN20
JIYAECO,JIYECO
JPPOWER,JAIPOW
VISHAL,VISFAB
GOKEX,GOKEXP
ACEINTEG,ACEIN
GODAVRFERT,GODFER
EVEREADY,EVEIND
ELDERPHARM,ELDPHA
GOYALALUM,ADVTRA
WIMCOLTD,WIMCO
SUZLONPP,SUZPP1
SAKSOFT,SAKSOF
HPIL,HINI
ALLDIGI,ALLTEC
SUKHJITS,SUKSTA
IIFL,IIFL27
GODFRYPHLP,GODPHI
SHOPERSTOP,SHOSTO
865IHF24,IBHN62
MANGALAM,MANDRU
905IH24,IBHN63
WELCORP,WELCOR
IHFL22,IBHN64
IBHF24,IBHN65
833IHF24,IBHN66
SSWL,STESW
87IHFL24A,IBHN67
88IHF25,IBHN68
93IHF25,IBHN69
894IHFL25A,IBHN70
NH,NARHRU
KENNAMET,KENIN
955IHFL27A,IBHN71
CYBERMEDIA,CYBMED
87IHFL27A,IBHN72
AMBER,AMBEN
SURYALAXMI,SURCOT
SHAHALLOYS,SHAALL
GLAND,GLAPH
JKPAPER,JKPAP
PRIMESECU,PRISEC
63MOONS,FINTEC
GRANULES,GRANUL
MERCATOR,MERLIN
JSWHL,JSWHOL
MANINDS,MANIN
CASTEXTECH,AMTIND
VHL,VARSPI
DCXINDIA,DCXSYS
GEOJITFSL,GEOBNP
RUSHI-RE1,RUSRE1
FMGOETZE,FEDGOE
IPSL,INTPER
GENUSPOWER,GENOVE
SWELECTES,SWEENE
YESBANK,YESBAN
RITEZONE,RITZON
MSPL,MSPSTE
TFL-RE,TRARE1
NECLIFE,NECLIF
FUSION,FUSMIC
SPLIL,SPLIN
AMIABLE,AMILOG
MCLEODRUSS,MCLRUS
ANZEN,ANZINV
PADMALAYAT,PADTEL
739NHAI26,NHAND8
MEDANTA,GLOHEA
IDFC,IDFC
KANSAINER,KANNER
SEMAC,REVCP
BIKAJI,BIKFOO
VIVIMEDLAB,VIVLAB
GOLDIAM,GOLINT
RML,RANMA
HTMEDIA,HTMED
SASKEN,SASCOM
ICIL,INDCOU
GOODRICKE,GOOGRO
SYNCOMF,SYNFOR
FCSSOFT,FCSSOF
OMFURN,OMFIND
ESG,MIRESG
FAZE3Q,FAZTHR
76NHAI31,NHAN10
BSCFAUG08A,BENSPL
BSCFAUG08B,BENSPB
IMPAL,INDMO
ASIL,AMISPI
AEROENTER,REGLEA
SUZLON,SUZENE
AURIONPRO,AURSOL
ACI,ARCCHE
RENUKA,RENSUG
FIVESTAR,FIVSTA
BASML,BANSPI
GOODYEAR,GOOIND
WINPRO,IRIMED
SCPL,SHECOO
KAYNES,KAYTEC
HDFCNIFIT,HDFCIT
HDFCPVTBAN,HDFPBK
AARTISURF,AARSUR
DOLATALGO,DOLINV
COMP-RE,COMRE1
DELTAMAGNT,DELMAG
VIKASPROP,VIKGRA
BBTCL,BBTRIP
PRAXIS,PRAHOM
HNDFDS,HINFOO
INOXGREEN,INOGRE
RUSTOMJEE,KEYREA
OCCL,ORICAR
JSLHISAR,JINST
GRASIM,GRASIM
GREAVESCOT,GREAVE
SURYAPHARM,SURPHA
GRMAGNET,GRMAGN
ZIMLAB,ZIMLAB
945CAGL24,CREND1
CAGL24,CREND2
960CAGL25,CREND3
CAGL25A,CREND4
10CAGL27,CREND5
GSFC,GSFC
CAGL27A,CREND6
SWSOLAR,STEWIL
VINNY,VINOVE
CASTROLIND,CASIND
AAATECH,AAATEC
FINIETF,ICIEXB
ESSEN-RE1,INTRE2
GTNIND,GTNIND
PRECAM,PRECAM
OSIAHYPER,OSIHYP
GUJALKALI,GUJALK
MBAPL,MADBHA
AMBUJACEM,AMBCE
MOLDTEKPP,MOLPP1
TEAMLEASE,TEASER
VASA,VASRET
DJML,DJMED
ROUTE,ROUMOB
SHOPER-RE,SHORE1
HYBRIDFIN,MAFFI
GUJBOROSIL,GUJBOR
KRISHANA,KRIPHO
GFLLIMITED,GUJFLO
SGBAUG27,SGBT30
SARVESHWAR,SARFOO
SFLZC26A,STFN83
GUJRATGAS,GUJGAS
PRITIKA,PRIENG
NPBET,TATNPB
BAHETI,BAHREC
ABB,ABB
DHARMAJ,DHCGU
SAFARI,SAFIND
BILENERGY,BILENE
91D090323,TQC23B
182D080623,THF23B
UNIPARTS,UNIND
360ONE,IIFWEA
BRFL,BOMRAY
ABCIL,ADIBI
IIFLCAPS,IIFSEC
SILVER1,KOTSIL
TRIVENI,TRIENG
AIAENG,AIAENG
EKC,EVEKAN
ARHAM,ARHTEC
EMCO,EMCTRA
VIMTALABS,VIMLAB
NAHARINDUS,NAHIND
ORIENTCER,ORIABR
KERNEX,KERMIC
REPRO,REPIND
HARRMALAYA,HARMAL
QUICKHEAL,QUIHEA
COMSYS,COMSYS
91D160323,TQC23C
182D150623,THF23C
EBBETF0433,BHABO6
GSEC10IETF,ICIBMG
PVRINOX,PVRLIM
GALAXYSURF,GALSUR
CELEBRITY,CELFAS
TECHNOFAB,TECENG
NITINSPIN,NITSPI
HATSUN-RE,HATRE1
ZICOM,ZICELE
ROHLTD,ROYORC
RCOM,RELCOM
TFLPP,TRAPP1
KSK,KSKENE
ENIL,ENTNET
GSPL,GSPL
COMMOIETF,ICICOM
RCAPVL,RCVL
SGBSEP27,SGBT31
JAGRAN,JAGPRA
ALLETEC,ALLETE
SULA,SULVIN
INOXLEISUR,INOX
GVKPIL,GVKPOW
SADBHAV,SADENG
SUNILHITEC,SUNHIT
SAKUMA,SAKEXP
91D230323,TQC23D
182D220623,THF23D
KEC,KECIN
364D211223,TYL23C
RSWM-RE,RSWRE1
HCL-INSYS,HCLINF
JKCEMENT,JKCEME
LANDMARK,LANCAR
INDOTECH,INDTEC
MARINE,MARELE
M&MFIN,MAHN16
AFSL,ABAHOL
BLKASHYAP,BLKASH
VISACHROME,VISST
ANDHRAPET,ANDPET
HDFC,HDFC
NITCO,NITLIM
IEL,INDENT
CENTURYPLY,CENPLY
KEI,KEIIND
MANPASAND,MANBEV
NITINFIRE,NITFIR
DOLLEX,DOLAGR
HDFCBANK,HDFWA2
AKG-RE,AKGRE1
SOLARINDS,SOLIN
GALLANTT,GALMET
ARIHANTACA,ARIACA
VAKRANGEE,VAKRAN
UMA,UMACON
MALUPAPER,MALPAP
KFINTECH,KFITEC
HEG,HEG
MURLIIND,MURAGR
SGL,STLGLO
758JH31,STAND6
UTTAMSUGAR,UTTSUG
SDBL,SOMDIS
KKCL,KEWKIR
ROHITFERRO,ROHFER
VARDHACRLC,VARACR
SUNTV,SUNTV
GPIL,GODPOW
585GS2030,585L30
APCL-RE,ANJRE1
RSYSTEMS,RSYSTE
SGBN28VIII,SGBT45
JETAIRWAYS,JETAIR
EMKAY,EMKGLO
ELIN,ELIELE
BHAGERIA,BHAGIN
KELLTONTEC,KELTEC
89IHFL24,IBHN77
93IHFL24,IBHN78
LOKESHMACH,LOKMAC
BALPHARMA,BALPHA
857IHFL24,IBHN79
894IHFL24,IBHN80
RATNAMANI,RATMET
IBHF24A,IBHN81
PRICOL-RE,PRIRE1
905IHFL25,IBHN82
KAMDHENU,KAMLIM
PIONEEREMB,PIOEMB
955IHFL25,IBHN83
GTNTEX,GTNTE
87IHFL25,IBHN84
HEROMOTOCO,HERHON
916IHFL25,IBHN85
98IHFL27,IBHN86
894SCL27,IBHN87
JKLAKSHMI,JKLAKS
939SCL27,IBHN88
PFOCUS,PRIFOC
965SCL25C,IBHN89
ALLCARGO,ALLLOG
MOXSH,MOXOVE
AKASH,AKAINF
MUNJALAU,MUNAUT
GAL-RE,GYSRE1
EMAMILTD,EMALIM
HOMESFY,HOMREA
GMRAIRPORT,GMRINF
PARAMPARA,AMJUM
NECCLTD,NOREAS
VIDHIING,VIDDYE
TECHM,TECMAH
ATNINTER,ATNINT
AVONMORE,ALLCAP
GRINDWELL,GRINOR
RAMANEWS,SHRAMA
RBMINFRA,RBMINF
MANUGRAPH,MANIND
VOLTAMP,VOLTRA
RADIANTCMS,RADCAS
ATLANTAA,ATLLIM
ACE,ACTCON
HGM,HOVSER
ANTELOPUS,SELEXP
ANDHRSUGAR,ANDSUG
HIMATSEIDE,HIMSEI
IRCTC,INDRAI
HINDUJAFO,HINFOU
GOLDKART,SONHIS
ANANTRAJ,ANARAJ
BILVYAPAR,BININD
91D060423,TQD23A
182D060723,THG23A
HINDALCO,HINDAL
364D040124,TYA24A
SKYGOLD,SKYGOL
ICSA,ICSA
JMFINANCIL,JMFINA
SGBDE30III,SGBT62
ELECON,ELEENG
BANKADD,DSPBAN
TALBROAUTO,TALAUT
ALICON,ALICAS
GEECEE,GEEVEN
ANLON,ANLTEC
MADHUCON,MADPRO
ANSALHSG,ANSHOU
NRL,NUPREC
ACLGATI,GATLIM
AERONEU,SAHPOL
INFOMEDIA,INFPRE
VISHWARAJ,VISSU
FIEMIND,FIEIND
HINDCOMPOS,HINCOM
JHS,JHSSVE
DCBBANK,DCB
CMNL,CHAMET
INSPIRISYS,AFL
GLOBALVECT,GLOVEC
SHYAMTEL,SHYTEL
GTLINFRA,GTLINF
HCC,HINCON
FLUOROCHEM,GUJFLU
NAUKRI,INFEDG
MANOMAY,MANTEX
SHIVAMAUTO,SHIAUT
BBL,BHABIJ
DUCOL,DUCORG
VGL,AARDEN
GESHIP,GESHIP
JETFRE-RE,JETRE1
TORNTPOWER,TORPOW
BAIDFIN,BAILEA
PARSVNATH,PARDE
MANALIPETC,MANPET
SUTLEJTEX,SUTTEX
GREENPANEL,GREEI
FEL,FUTRET
KAMOPAINTS,KAMVEN
LTFOODS,LTOVER
RUCHIRA,RUCPAP
AARTI-RE,AARRE1
SOBHA,SOBDEV
85IIFL25,IIFL33
DONEAR,DONIND
IIFLZC25A,IIFL34
MMFL,MMFORG
875IIFL26A,IIFL35
CLCIND,SPEIND
IIFLZC26A,IIFL36
865IIFL28,IIFL37
9IIFL28A,IIFL38
VENUSREM,VENREM
IIFLZC28A,IIFL39
AARTIPHARM,AARPHA
KUANTUM,KAUPAP
JINDRILL,JINDAD
BANCOINDIA,BANPRO
ARIHANT,ARIFOU
HIRECT,HINREC
CREST,CREVEN
880IREDA29,IREND5
HERIT-RE,HERRE1
PLASTIBLEN,PLASTI
NFL,NATFER
880IREDA34,IREND6
ARISTO,ARIBIO
VISUINTL,VISINT
HINDUNILVR,HINLEV
PRAENG,PRAENG
LIQUID1,KOTN1D
PARACABLES,PARCOM
HBLENGINE,HBLPOW
TANLA,TANSOL
SGBOCT27,SGBT32
JASH,JASENG
PSTL,PYRSAI
CAIRN,CAIIND
ABSLBANETF,BIRBAN
SHREEASHTA,SHRASH
ZEEMEDIA,ZEEMED
925SFIL24A,INND1
AVTNPL,AVTHOM
913SFIL24A,INND2
LUMAXTECH,LUMAAU
948SFIL25A,INND3
VEEDOL,TIDWAT
955SFIL25A,INND4
966SFIL25A,INND5
1030SFIL26,INND6
HINDOILEXP,HINOIL
984SFIL26A,INND7
980SFIL28,INND8
1030SFIL28,INND9
940SFIL28,INN10
985SFIL28,INN11
945IFSL25,INFND1
980IFSL25,INFND2
SARLAPOLY,SARPER
965IFSL26,INFND3
10IFSL26,INFND4
GRCL,GAYRUB
SANGHVIMOV,SANMOV
HINDPETRO,HINPET
WANBURY,WANLIM
SAGCEM,SAGCEM
ASMS,BARLTD
APTECHT,APTLIM
JAIBALAJI,JAIBAL
IGPL,IGPETR
SIYSIL,SIYSIL
PTL,PTLENT
AUTOIND,AUTOIN
NETWORK18,NETW18
GANDHITUBE,GANSPE
91D110523,TQE23B
AGI,HSILIM
OMAXAUTO,OMAAUT
PITTIENG,PITLAM
364D080224,TYB24B
SBGLP,SURBUS
PATEL-RE,PARE1
GLOBAL,GLOEDU
BTML,BODTRE
UNOMINDA,MININD
IZMO,IZMO
SHERA,SHEENE
NSLNISP,NMDSTE
ROML-RE,RARE1
NINSYS,NINSYS
TIMKEN,TIMIND
HUBTOWN,HUBLIM
LRRPL,LEAREC
TV18BRDCST,TV18BR
IMC1,INDMU4
POCHIRAJU,POCIND
CTE,CAMTEC
TIIL,TECIND
HDFCBSE500,HDF500
HDFCSML250,HDF250
HDFCMID150,HDF150
HINDZINC,HINZIN
TVSSRICHAK,TVSSRI
618GS2024,618K24
SGBOCT27VI,SGBT33
REDINGTON,REDIND
AARTIPP,AARPP1
MHHL,MOHHEA
PGIL,PEAGL
AGARWALFT,AGAFLO
HINPOWPLUS,HINPOW
ORIENTBELL,ORIBEL
91D250523,TQE23D
182D240823,THH23D
364D220224,TYB24D
GOLDETF,MIRGOL
AICHAMP,A1CHAM
KHFM-RE,KHFRE1
CGCL-RE,CAPRE1
VIYASH,SEQSCI
PFC,POWFIN
FSL,FIRSOU
OSWALSEEDS,SHRSEE
INDIANB,INDIBA
TTL,TT
VIAZ,VIATYR
TFL,TRANFI
SMSPHARMA,SMSPHA
HSCL,HIMCHE
GANESHHOU,GANHOU
ORIENTALTL,ORITRI
MINDTREE,MINLIM
APOLLOPIPE,AMULEA
EVINIX,EVIACC
IDEA,IDECEL
POCL,PONOXI
EUROCERA,EURCER
AMDIND,AMDIND
GODREJAGRO,GODAGR
RAJTV,RATELE
SUPREMETEX,SUPTEX
PAGEIND,PAGIND
SRIVASAVI,SRIAD
ASTRAL,ASTPOL
SANOFI,SANOFI
LAOPALA,LAOPA
GOLDBEES,GOLDEX
ABHISHEK,ABHCOR
JKTYRE,JKTYRE
NAHARSPING,NAHSPI
NAHARPOLY,NAHPOL
HOGANAS,HOGIND
EMBDL,INDREL
LEXUS,LEXGRA
KIRLFER,KIRFER
JMTAUTOLTD,JMTAUT
KSOILS,KSOIL
DIVGIITTS,DIVTOR
HLVLTD,HOTLEE
GOKULAGRO,GOKAGR
THEMISMED,THECHE
NCLIND,NCLIND
VERTEXPLUS,VERTEC
BALAMINES,BALAMI
SYSTANGO,SYSTEC
GOKUL-RE,GOKRE1
BANSWRAS,BANSYN
ABSLLIQUID,ADIAI
HOTLINGLAS,HOTGLA
ICRA,ICRLIM
MALCO,MADALU
769NHAI31,NHAN15
GOLDBETA,UTGOLD
DISHTV,DISHTV
ADVANTA,ADVIND
NDLVENTURE,HINVEN
BIRLANU,HILLTD
PHOENIXLTD,PHOMIL
AROGRANITE,AROGRA
ZENITHSTL,ZENITH
BFUTILITIE,BFUTI
182D140923,THI23B
364D140324,TYC24B
MCON,MCORAY
GARWAOFFS,GARSHI
SRHHYPOLTD,SREERA
PSUBNKIETF,ICIPSU
SRHHLINDST,SRERH
FORTIS,FORHEA
VELS,VELFIL
ALPHAGEO,ALPHAG
SGBMAR31IV,SGBT63
GSLSU,GLOSUR
WEBELSOLAR,WEBENE
TGBHOTELS,TGBBAN
IBP,IBP
QFIL,QUAFOI
CHEMBOND,CHECH
ANKURDRUGS,MRIPHA
SANCO,SANCIN
HILTON,HILMET
BINANICEM,BINCEM
FTCSF3YGRO,FRATE2
FTCSF5YGRO,FRATE4
FTCSF5YDIV,FRATE3
INSECTICID,INSEC
91D230623,TQF23D
MCDHOLDING,MCHOLD
KMSUGAR,KMSUG
182D220923,THI23C
364D220324,TYC24C
JSWDULUX,AKZNOB
NAVINFLUOR,NAVFLU
96ICCL25,INHN20
GUJAPOLLO,GUJAPO
965IHFL25,INHN21
925IBHFL25,INHN22
GOACARBON,GOACAR
925IHL25,INHN23
965IBHFL25,INHN24
990IBHFL26,INHN27
KALINDEE,KALRAI
NAGREEKEXP,NAGEXP
965SCL28,INHN28
TIMETECHNO,TIMTEC
1015SCL28A,INHN29
HGS,HTMGLO
925SCL28,INHN30
971SCL28,INHN31
ACCURACY,ACCSHI
990IHFL26D,INHN25
948IHFL26D,INHN26
NIRMAN,NIRAGR
NETFINCO,NETFLI
DLF,DLFLIM
FTCPOF3YGR,FTCPO1
FTCPOF5YGR,FTCPO3
SENSEXAXIS,AXISEN
FTCPOF5YDV,FTCPO4
ADVANIHOTR,ADVHOT
WINSOME,WINYAR
IDBI,IDBI
NELCAST,NELLIM
V2RETAIL,VISRET
TARMAT,TARMAT
LOWVOL,MIR100
CELESTIAL,CELLAB
SPARC,SUNADV
SIGMAADV,MEGLTD
S,SOUAS
ADSL,ALLDIG
EVERONN,EVESYS
ALCHEM,ALCLIM
WSI,WSINDU
DECCANCE,DECCEM
VIPCLOTHNG,MAXWEL
ALPA,ALPALA
IFBIND,IFBIND
OMAXE,OMALIM
GOLD1,KOTGOL
REPL,RUDENT
BRIGHT-RE,BRIRE1
IVRCLAH,IVRPRI
FLFL,FUTLIF
USK,UDAINF
182D290923,THI23D
364D290324,TYC24D
ASIANTILES,ASIGRA
AKI,AKIIND
CENTRALBK,CENBAN
SGBSEP28VI,SGBT43
SAHYADRI,SAHYIN
KDDL,KAMDIA
IFCI,IFCI
KPRMILL,KPRMIL
TAKE,TAKSOL
PURVA,PURPRO
LAL,LORAPP
SRIPIPES,SRIPIP
ISMTLTD,ISMT
CIEINDIA,MAHCIE
GSEC10YEAR,MIRNIF
RBA,BURKIN
NAGREEKCAP,NAGCAP
MOTILALOFS,MOTOSW
INDOWIND,INDWIN
MAGNUM,MAGVEN
XLENERGY,XLENE
CSBBANK,CSBBAN
ECEIND,ECEIND
706GS2028,706D28
KSCL,KAVSEE
PNB-RE,PNBRE1
POWERGRID,POWGRI
CENTUM,CENELE
KOUTONS,KOURET
CCCL,CONSCO
SOTAC,SOTPHA
INDAL,INDALU
SUPREMEINF,SUPINF
MANGCHEFER,MANCHE
MAANALU,MANALU
91D130723,TQG23B
182D121023,THJ23B
SHIVAMILLS,SHIMIL
ASCOM,ASCLEA
PSUBNKBEES,PSUBAN
BAJAJELEC,BAJELE
364D110424,TYD24B
INFINIUM,INFPHA
CERA,CERSAN
DELTACORP,DELCOR
699GS2026,699D26
ENERGYDEV,ENEDEV
717GS2030,717D30
MOS,MOSUTI
AVALON,AVATE
PSUBANK,KOTPSB
JCTEL,JCTELE
BLAL,BEMLAN
RELIGARE,RELENT
MOGSEC,MOTGSC
BVCL,BARVAL
CUBEINVIT,CUBHIG
ASTERDM,ASTDM
RADIOCITY,MUSBRO
ADANIPORTS,ADAPOR
SILVERBETA,UTISIL
INDGYPSUM,INDGYP
ANTFRIBEAR,ABCBEA
KGL,KARGLO
DUNCANSLTD,DUNCAN
735IRFC31,INDN22
91D200723,TQG23C
182D191023,THJ23C
EDELWEISS,EDEFIN
INDHOTEL,INDHOT
364D180424,TYD24C
KOLTEPATIL,KOLPAT
SVLL,SHRVAS
RGL,RENJEL
729IRFC26,INDN23
KAUSHALYA,KAUINF
COLPAL,COLPAL
PATTECH,PATFIT
JYOTHYLAB,JYOLAB
AGUL,AGUNI
INDIACEM,INDCEM
MADHAV,MADMAR
KALYANIFRG,KALFOR
RHL,ROBHOT
HITECHCORP,HITPLA
764IRFC31,INDN24
SDBL-RE1,SOMRE1
TARIL,TRAREC
ECLERX,ECLSER
KIRLPNU,KGKHOS
BRIGADE,BRIENT
STERLINBIO,STEBIO
GISO-RE,GIERE1
BGRENERGY,BGRENE
BURNPUR,BURCEM
MANAKSIA,MANLIM
ARIES,ARIAGR
925SFIL25I,INN12
INDIAGLYCO,INDGLY
965SFIL25I,INN13
PPAP,PPAAUT
DVL,DHUPET
888SFIL25C,INN14
SFIL25,INN15
PATINTLOG,PATINT
TELEDATAGL,TELDAT
UJJIVANSFB,UJJSMA
LICNFNHGP,LIC100
1025SFIL26,INN16
AMBIKCO,AMBCOT
98SFIL26,INN17
BIRLAMONEY,ADIMON
INDIALEASE,INDLEA
1050SFIL28,INN18
KAVDEFENCE,KAVTEL
957SFIL28,INN19
1003SFIL28,INN20
866SFIL23A,INN21
890SFIL23A,INN22
CEATLTD,CEAT
RPOWER,RELPOW
JKIL,JKUMAR
INDIANACRY,INDACR
CORDSCABLE,CORCAB
ONMOBILE,ONMGLO
KNRCON,KNRCON
QUICKTOUCH,QUITEC
HERCULES,HERHOI
VIRINCHI,VIRLIM
INDIANHUME,INDHUM
SUJANAUNI,SUJIND
BANG,BANOVE
SEPC,SHREPC
IRB,IRBINF
PIRGLASS,GUJGLA
QGOLDHALF,QUAGOL
NMDC,NATMIN
RAIN,RAIIND
SHALPAINTS,SHAPAI
GSS,GSSINF
SADHNANIQ,SADNIT
RECLTD,RURELE
GOLDADD,DSPGOL
NAHARCAP,NAHCAP
VGUARD,VGUARD
9ICCL23A,CHON19
CIFCZC25A,CHON20
SOLEMS,SOLEMS
INDIAPHOTO,KODIND
830CIFC26,CHON21
CIFCZC26A,CHON22
840CIFCL28,CHON23
CIFCZC28A,CHON24
PDMJEPAPER,PUDPAP
MANKIND,MAPHA
DHANI,IBSECU
RACE,ANIIMP
EIHAHOTELS,EIHASS
APCOTEXIND,APCLAT
ATAM,ATAVAL
NESCO,NESCO
TITAGARH,TITWAG
ACL,ANDCEM
DPSCLTD,DPSLIM
INDIASEC,INDSEC
SGBDC27VII,SGBT34
DENEERS,DENEER
RKEC,RKEPRO
HCG,HEAGLO
AVG,AVGLOG
ATALREAL,ATAREA
RVHL,RAVHEI
ABIRLANUVO,ADIBIR
91D100823,TQH23B
APOLLOHOSP,APOHOS
GMMPFAUDLR,GUJMAC
182D091123,THK23B
364D090524,TYE24B
PIGL,POWINS
GILLETTE,GILIND
91D170823,TQH23C
182D161123,THK23C
364D160524,TYE24C
TARC,ANARA
NXST,NEXSEL
LATTEYS,LATIND
AUROIMPEX,AURIMP
COX&KINGS,CNKLIM
INDYESTUF,INDDYE
HINDWAREAP,SOMHOM
MILTON,MILIND
GODHA-RE,GODRE1
INFY,INFTEC
INGERRAND,INGRAN
MGEL,MANGLO
ABGHEAVY,STAENT
PRINCEPIPE,PRIPIP
INSILCO,INSILC
AURIGROW,GODCAB
91D240823,TQH23D
182D231123,THK23D
BHARATWIRE,BHAWIR
364D230524,TYE24D
KRISHCA,KRISTR
INTLTRAVHS,INTTRA
REMUS,REMPHA
INVELTRANS,GKNDRI
FAIRCHEMOR,FAIORG
PAVNAIND,PAVIND
TATAINVEST,TATINV
EBBETF0423,BHABO1
IOC,INDOIL
CCAVENUE,INFINC
EBBETF0430,BHABO2
LINDEINDIA,LININ
BECTORFOOD,MRSBEC
APOLLOTYRE,APOTYR
IONEXCHANG,IONEXC
IPCALAB,IPCLAB
PANACHE,PANDIG
IPCL,IPCL
TATASTLLP,TATSPO
MMP,MMPIND
91D310823,TQH23E
182D301123,THK23E
364D300524,TYE24E
CRAYONS,CRAADV
DENTALKART,VASDEN
PROV,PROAGR
ISPATPROF,ISPPRO
ISSAL,INDSE
INFOLLION,INFRES
VAISHALI,VAIPHA
ANDHRAPAP,INTPAP
ITC,ITC
SUNDROP,AGRTE
KIRIINDUS,KIRIDY
CHI,CHIINV
ANIKINDS,ANIIND
SIGMA,SIGSOL
BAJAJ-AUTO,BAAUTO
BAJAJFINSV,BAFINS
91D070923,TQI23A
182D071223,THL23A
364D060624,TYF24A
PTCIL,PTCIN
DIGISPICE,SPIMOB
SURANACORP,SURCOR
GHCLTEXTIL,GHCTEX
PIRPHYTO,PIRPHY
SHRERA-RE,SRRE1
GOKUL,GOKREF
SAHANA,SAHSYS
UBL,UNIBR
ALMONDZ,ALMGLO
HGINFRA,HGINF
DIL-RE,DEBRE1
RPGLIFE,RPGLIF
SPICETELE,SPICOM
NECLTD-RE,NORRE1
RBL,RANBRA
ITI,ITI
RANEENGINE,RANENG
KDL,KORDIG
MVL,MVLLIM
METKORE,METALL
RELBANK,RELBAN
SILVERAG,MIRSIL
ITWSIGNODE,ITWSIG
GVT&D,ALSTD
ARCHIDPLY,ARCIN
LOTUSEYE,LOTEYE
QNIFTY,QUANIF
VINYLINDIA,VINCHE
IKIO,IKILIG
KOKUYOCMLN,KOKCAM
BIRLACOT,BIRCOT
LGBFORGE,LBGFOR
OCTAV,OCTINV
EQUITAS,EQUHOL
TVSHLTD,SUNCLA
SINDHUTRAD,BHACON
LPDC,LANPRO
81TCHF28,TCLN30
SICAGEN,SICIND
SPECTSTM,SPETAL
URBAN,URBENV
AUSTRAL,AUSCOK
TCHF30,TCLN33
JAYSYNTH,JDORG
APPLECREDT,APPCRE
DPWIRES,DPWIR
TOUCHWOOD,TOUENT
ARTEMISMED,ARTMED
ZFCVINDIA,WABIND
20MICRONS,20MICR
JOCIL,JOCLIM
INDBANK,INDMER
91D210923,TQI23C
182D211223,THL23C
364D200624,TYF24C
ASHOKAMET,ASHMET
CELLPOINT,CELPOI
VILINBIO,VILBIO
AATMAJ,AATHEA
ALKALI,ALKMET
TATAMTRDVR,TMLDVR
JIKIND,JIKIND
COUNCODOS,COUCON
TPHQ,GIENGI
GATECHDVR,SCLDVR
835IFL25,IIFL40
IIFLZC25B,IIFL41
85IFL26,IIFL42
MAWANASUG,MAWSU
PATANJALI,RUCSOY
THYROCARE,THYTEC
IIFLZC26B,IIFL43
865IFL28,IIFL44
9IIFL28,IIFL45
IIFLZC28B,IIFL46
SHARIABEES,SHAETF
HINDNATGLS,HINNAT
HARITASEAT,HARSEA
HMAAGRO,HMAAGR
PALREDTEC,PALTEC
UJJIVAN,UJJFIN
JAYBARMARU,JAYMAR
URAVIDEF,URAT
ESFL,ESSSPE
MAGSON,MAGRET
GREENCHEF,GREAPP
CROMPTON,CROGR
SUMICHEM,SUMCH
SGBJ28VIII,SGBT35
PARAGMILK,PARMIL
PENTAGON,PENRUB
IDEAFORGE,IDETEC
MIDCAPIETF,ICI150
AARTECH,AARSOL
JAYPEEHOT,JAYHOT
GLOBALPET,GLOPET
EQ30,EDEN30
SFLZC25A,STFN91
NEXT50,MIRN50
SHRIPISTON,SHRPIS
CYIENTDLM,CYIDLM
PAKKA,YASPAP
APPLEIND,APPFIN
JAYSREETEA,JAYTEA
SGBJUN31I,SGBT64
ARROWTEX,ARRTEX
SYNOPTICS,SYNTEC
ITADD,DSPITF
TRIDHYA,TRILIM
ALBERTDAVD,ALBDAV
91D121023,TQJ23B
JBCHEPHARM,JBCHEM
ARMANFIN,ARMFIN
182D110124,THA24B
364D110724,TYG24B
ASPINWALL,ASPCOM
SENCO,SENGOL
SETFGOLD,SBIGOL
BLS,BLSINT
JBFIND,JBFIND
SRPL-RE,SHERE1
AJMERA,AJMREA
LLOYDSME,LLOMET
91D191023,TQJ23C
182D180124,THA24C
364D180724,TYG24C
MHRIL,MAHHOL
975NFL25,NAVN10
TELEDATAIT,TELTEC
1025NFL25,NAVN11
1075NFL25,NAVN12
1050NFL26,NAVN13
SALONA,SALCOT
1102NFL26,NAVN14
GKWLIMITED,GKW
UTKARSHBNK,UTKSMA
VINATIORGA,VINORG
MYSOREBANK,STABM
LANDSMILL,EXCINF
DRONE,DRODES
NECCLTDPP,NORPP1
ADANIPOWER,ADAPOW
SETF10GILT,SBIGSE
PREMEXPLN,PREEXP
718GS2037,718G37
SERVICE,SERCAR
NHPC,NHPC
BANKETF,MIRBAN
JINDCOT,JINCOT
GLOBUSSPR,GLOSPI
NETWEB,NETTEC
OIL,OILIND
EUROMULTI,EURMUL
MAXVIL,MAXVEN
NV20IETF,ICIN20
CONTROLPR,CONPRI
920NFL23A,INHN32
UVSL,LLOSTE
950NFL23A,INHN33
EXPLEOSOL,SQSIND
888IHFL25A,INHN34
925SCL25C,INHN35
IBHFZC25A,INHN36
IBHFZC25B,INHN37
INCREDIBLE,ADHIND
940IHFL26C,INHN38
990SCL26I,INHN39
SETCO,SETAUT
RTNPOWER,RATPOW
902SCL26I,INHN40
MAHASTEEL,MAHSTE
948SCL26I,INHN41
JINDALIRON,JINIRO
MGL,MAHGAS
SCLZC26B,INHN42
1015SCL28B,INHN43
925SCL28I,INHN44
AMRUTANJAN,AMRHEA
JINDALPOLY,JINPOL
971SCL28I,INHN45
DAMODARIND,DAMTHR
LIQUID,MIRN1D
PVTBANKADD,DSPPRI
BIRLATYRE,BIRTYR
KSE,KSE
ASALCBR,ASSALC
MARG,MARCON
MAHEPC,EPCIND
SENSEXADD,DSPSNX
PSUBANKADD,DSPPSU
IRBIT-RE,IRBRE1
MOLDTECH,MOLTEK
YCCL,YASCH
ZYDUSWELL,ZYDWEL
SUNTECK,SUNRE
893NHB29,NHBN12
POKARNA,POKGRA
UNIVPHOTO,UNIPHO
SGBFEB28IX,SGBT36
890NHB34,NHBN13
ALOKINDS,ALOIND
SHRITECH,SHRTEC
GPTINFRA,GPTINF
VIJIFIN,VIJFIN
BROOKS-RE,BRORE1
LTGILTBEES,RELGIL
MIDSELIETF,ICIMID
QUESS,QUECOR
DEN,DENNET
VCL-RE,VARE1
ASTEC,ASTLIF
BAFNAPH,BAFPHA
YATHARTH,YATHOS
NIITMTS,NIILEA
SHILPAMED,SHIME
PLPHAR-RE,PIRRE1
SARDAEN,SARENE
REFEX,REFIND
ZEAL,ZEAGLO
GROBTEA,GROTEA
ATL,ALLTER
KKVAPOW,KKVAGR
RBN,RELMED
SOMICONVEY,SOMCON
TREL,TRAREA
LLOYDSENGG,LLOST
QUAL30IETF,ICPRNI
LTM,LTINFO
KANPRPLA,KANPLA
AHLUCONT,AHLCON
GILLANDERS,GILARB
JKPHARMA,JKPHAR
DLINKINDIA,DLILIM
REDTAPE,REDLIM
957NIDO26,ECLN75
10NIDO26,ECLN76
JSWENERGY,JSWENE
GODREJPROP,GODPRO
DBCORP,DBCORP
ORIANA,ORIPOW
GATECH,STACA
KWALITY,KWALIM
ABBOTINDIA,ABBIND
VINSYS,VINIT
AMARJOTHI,AMASPI
AMLSTEEL,AMLSTE
HDIL,HDIL
GEEKAYWIRE,GEEWIR
BAYERCROP,BAYIND
925IHFL25D,CHON25
BEARDSELL,BEALIM
965IHFL25D,CHON26
HINDCOPPER,HINCOP
925IHFL25E,CHON27
COHANCE,SUVPH
INFODRIVE,INFDRI
CIFC26A,CHON28
JUPITER,JUPORG
MMTC,MINERA
84CIFCL28,CHON29
NESTLEIND,NESIND
CIFC28,CHON30
AWHCL,ANTWAS
SBICARD,SBICAR
TRF,TRF
PERF-RE,PERRE1
UNITEDTEA,THEUNI
WHIRLPOOL,WHIIND
JYOTISTRUC,JYOSTR
VLEGOV,VLEGIT
SETUINFRA,PRACON
718GS2033,718H33
SBFC,SBFFIN
MBLINFRA,MBLINF
SANGANI,SANHOS
ADVENZYMES,ADVENZ
YUDIZ,YUDSOL
MINDTECK,MINLTD
KABRAEXTRU,KABEXT
SSFL,SRISPI
CONCORDBIO,CONBIO
INFINITE,INFCOM
KAJARIACER,KAJCER
DBL,DILBUI
JUBLFOOD,JUBFOO
ARENTERP,RAJIN
NIFTY1,KOTNIF
91D171123,TQK23C
182D160224,THB24C
364D160824,TYH24C
VASCONEQ,VASENG
THANGAMAYL,THAJEW
SRGHFL,SRGHOU
DBREALTY,DBREAL
AQUA,AQULOG
YASHO,YASIND
DOLPHIN,DOLOFF
KPIL,KALPOW
JIOFIN,JIOFIN
EMMBI,EMMIND
TVSSCS,TVSSUP
HATHWAY,HATCAB
GKB,GKBOPH
KARURKCP,KARKCP
BOSCHCHASY,KALBRA
PANCARBON,PANCAR
KALYANISHP,SHARP
ARSSINFRA,ARSINF
ORIENTLTD,ORIPRE
TEXMOPIPES,TEXPIP
KECL,KIRLOS
MANINFRA,MANINF
LORDSCHLO,LORCHL
DEEPENR,DEEIND
PYRAMID,PYRTEC
SPAL,SPAPP
KAMATHOTEL,KAMHOT
CLSL,CROLI
SEL,SUNENG
AEROFLEX,AERIND
HDFCLIQUID,HDFLIQ
HNGSNGBEES,HANBEE
IVZINGOLD,INVGOL
LGBBROSLTD,LGBALA
BROADCAST,BROINI
VPRPL,VISPRA
MIDCAPBETA,UTIMID
PRADIP,PRAOVE
SANDUMA,SANMAN
PERSISTENT,PERSYS
NDGL,NAGDHU
CPS,CPSSHA
KARURVYSYA,KARVYS
RBLBANK,RBLBAN
MONOPHARMA,MONPHA
TCPLPACK,TWEFIR
KCP,KCPLTD
91D071223,TQL23A
182D070324,THC24A
364D050924,TYI24A
RISHABH,RISINS
SHRIASTER,SHRAST
ASIANHOTNR,ASIHOT
RATNAVEER,RATPRE
RMMIL,RESMIN
BIGBLOC,BIGCON
SUMMIT,KECINT
BASILIC,BASFLY
910CAGL25,CREND7
SGBMAR28X,SGBT37
POWERINDIA,ABBPOW
CAGL25,CREND8
925CAGL26,CREND9
CAGL26,CREN10
719GS2060,719D60
ISFT,INTSOF
940CAGL27,CREN11
CAGL27,CREN12
970CAGL28,CREN13
SABEVENTS,SABEVE
CAGL28,CREN14
TVVISION,TVVISI
SAROJA,SARPHA
PRAMARA,PRAPR
CUPID,CUPRUB
DIACABS,DIAPOW
NGIL-RE1,NAKRE1
JLHL,JUPLIF
JIWANRAM,JIWSHE
716GS2050,716D50
MITTAL,MITLIF
LTTS,LTTEC
RRKABEL,RRKAB
GNA,GNAAXL
KIRLOSBROS,KIRBRO
UNIHEALTH,UNICON
VALECHAENG,VALENG
HUSYSLTD,HUSCON
EMSLIMITED,EMSLIM
91D211223,TQL23C
182D210324,THC24C
364D190924,TYI24C
ZAGGLE,ZAGPRE
SAMHI,SAMHOT
KGDENIM,KGDENI
915SCL26,IBHN14
PERFECTPP,PERPP1
DIAMINESQ,DIACHE
HOLMARC,HOLOPT
ICICIPRULI,ICIPRU
CHAVDA,CHINF
MARATHON,MARNEX
NAVINIFTY,NAVNIF
HPL,HPLELE
AVSL,AVSIN
JETKNIT,JETKNI
KEL,KUNEDI
NUVAMA,NUVWEA
MASKINVEST,MASINV
MADHUSUDAN,MADMAS
SIGNATURE,SIGI
KODYTECH,KODTEC
KALAMANDIR,SAISIK
YATRA,YATONL
ALCODIS,AURDIS
DIRL,DHAREA
MARCO,MARCAB
IDFNIFTYET,IDFNIF
CLOUD-RE,VARRE1
CARYSIL,ACRIN
HIGREEN,HIGCAR
SGBSEP24,SGBTR5
TALWALKARS,TALWAL
CELLECOR,CELGAD
925IHFL25F,INHN46
NITESHEST,NITEST
965IHFL25E,INHN47
ENDURANCE,ENDTEC
IBHF25A,INHN49
TARAPUR,TARLIM
IBHF25B,INHN50
NIRAJISPAT,NIRISP
IBULHSGFIN,IBHN37
965SCL28C,INHN57
579GS2030,579E30
925SCL28C,INHN58
KINETICMOT,KINHON
971SCL28C,INHN59
SGBAPR28I,SGBT38
VERTOZ,VERADV
10SCL30A,INHN60
MAZDA,MAZCON
1003SCL30,INHN61
957SCL30,INHN62
SJVN,SJVLIM
KSL,KALSTE
1025SCL33A,INHN65
JPINFRATEC,JAYINF
1075SCL33A,INHN66
980SCL33A,INHN67
888SCL25E,INHN68
PNBHOUSING,PNBHOU
GUJNREDVR,GUJNPP
VBL,VARBEV
SUNDARAM,SUNMUL
RAINBOWPAP,RAIPAP
KINGFA,HYDSS
RIL-RE,RELRE1
RAJRATAN,RAJWIR
KAPSTON,KAPFAC
SGBMAY28,SGBT39
619GS2034,619E34
522GS2025,522F25
UNIVASTU,UNIVIN
PIONDIST,PIODIS
STYRENIX,STYABS
DUDIG-RE,DUDRE1
CUMMINSIND,CUMIND
MASTER,MASCOM
MVGJL,MANVAI
JSWINFRA,JSWINF
KIRLOSIND,KIROIL
SAMRUDDHI,SAMCEM
PODDARMENT,PODPIG
KIRLOSPNEU,KIRPNE
10IIFL29,IIFL14
105IIFL29,IIFL15
MANAPPURAM,MANAFI
985IIFL22,IIFL21
AARVI,AARENC
SGBJUN28,SGBT40
ARVINDF-RE,ARVRE1
ITBEES,NIPNIT
SILLYMONKS,SILMON
ABFRL-RE,ADIRE1
ROLLT,ROLLAT
NBIFIN,NBIIND
SAAKSHI,SAAMED
UDS,UPDSER
KIOCL,KIOLIM
MAL,MANALL
DIGIKORE,DIGSTU
UMESLTD,USHMAR
GICL-RE,GLORE1
INSPIRE,INSFIL
NEWJAISA,NEWTEC
SFL,SHEFOA
TI,TILIND
875NHAI29,NHAND6
SGBJAN29IX,SGBT46
HEADSUP,MANRET
VINYAS,VININN
HMVL,HINMED
KOTAKBANK,KOTMAH
VALIANTLAB,VALLAB
TCIEXP,TCIEXP
SENSEXETF,MIRSEN
WEALTH,WEAFIR
LAURUSLABS,LAULAB
IMFA,INDMFA
MONIFTY500,MOTNIF
ARABIAN,ARAPET
CHOLAFIN,CHOINV
EFACTOR,EFAEXP
BLISSGVS,BLIGVS
LIQUIDETF,DSPETF
DFMFOODS,DFMFOO
THEJO,THEENG
EMAMIREAL,EMAINF
KONTOR,KONSPA
MOM50,MOTM50
TERASOFT,TERSOF
ITDC,INDTOU
ARVIND,ARVLIM
VISHNUINFR,VISPRO
MARSHAL-RE,MAMRE1
HISARMETAL,HISMET
RHFL,RHFND7
PROLIFE,PROIN
GOYALSALT,GOYSAL
CANARYS,CANAUT
KREBSBIO,KREBIO
AHLWEST,ASIWES
SPCENET,SPAENT
SRTRANS-RE,SHRRE1
PVR-RE,PVRRE1
BODHTREE,BODCON
BOROLTD,BORLIM
ROSSARI,ROSBIO
REFEX-RE,REFRE1
EMPEESUG,EMPSUG
OLIL,ONELOG
SICALLOG,SICAL
AHLEAST,ASIEAS
CAPTRUST,CAPTRU
SGBSEP31II,SGBT65
KRONECOMM,ADCIND
PLAZACABLE,PLAWIR
KARNIKA,KARI
SCML,SHACHU
KSB,KSBPUM
PLADAINFO,PLAINF
SECMARK,SECCON
TICL,TANCON
COMMITTED,COMCAR
IITL,INDINV
BAJAJCON,BAJCOR
HDFCGOLD,HDFGOL
BHANDARI,BHAHOS
CLOUDPP,VARPP1
737GS2028,737J28
UGARSUGAR,UGASUG
BSE,BSE
ARVINDPORT,ARVCOM
IRMENERGY,IRMENE
PRAKASHSTL,PRAS
LAKHNNATNL,PANENE
WOMANCART,WOMLIM
PRICOLLTD,PRILI
ITETF,MIRASS
TRENT,TRENT
ALPHAETF,MIRALP
MAXESTATES,MAXEST
KALYANI,KALCO
PODDARHOUS,PODHOU
GOLDIETF,ICIGOL
RCDL,RAJCAS
BLUEJET,BLUJET
JITFINFRA,JITINF
ONDOOR,ONDOO
HMT,HMT
LAKSHVILAS,LAKVIL
LIQUIDSBI,SBIN1D
URJA-RE,URJRE1
GPPL,GUJPPL
SHANTHALA,SHAFMC
925IHFL25,INHN48
940IHFL26,INHN52
LANESEDA,LANESE
990SCL26,INHN51
ADFFOODS,ADFFOO
902SCL26,INHN54
948SCL26,INHN53
SCLZC26C,INHN55
888SCL25D,INHN64
980SCL33C,INHN63
PARAGON,PARF
MUFIN,APMFIN
LMW,LAKMAC
CELLO,CELWOR
TRANSTEEL,TRASEA
WELINV,WELINV
MAITREYA,MAIMED
HONASA,HONCON
9PEL25,PIRN18
SARTELE,SARTEL
AMNPLST,AMIPLA
LGHL,LAXGOL
ESAFSFB,ESASMA
MICROPRO,MICSOF
MASFIN,MASFIN
DMART,AVESUP
812REC27,RECSR2
743REC35,RECN27
764HUDCO31,HUDN29
769HUDCO31,HUDN33
ORISSAMINE,ORIMIN
EGOLD,EDEGOL
LIBERTSHOE,LIBSHO
KILITCH,KILDRU
DEEPAKNTR,DEENIT
925IHFL25Z,INHN78
965IHFL25A,INHN79
WAAREEINDO,INDLIM
888IHFL25,INHN80
851HUDCO28,HUDND8
876HUDCO28,HUDN11
LICHSGFIN,LICHF
901HUDCO34,HUDN18
735PFCL35,PFCN23
736PFCL28,PFCND8
ASHCONIUL,DATIND
925IHFL25A,INHN81
RANBAXY,RANLAB
PRITHVISOF,PRISOF
SOUISPAT,SOUISP
SRICHAMUND,CHASUG
830PFCL27,PFCTB2
892PFCL33,PFCN16
SGBJAN29X,SGBT47
774IREDA31,IREN12
764NABAR31,NABN13
IBHFZC25C,INHN82
IBHFZC25D,INHN83
AHLADA,AHLENG
940SCL26A,INHN84
872MMFSL26,MAHND6
9MMFSML,MAHN12
740IIFCL33,IIFC10
891IIFCL34,IIFC28
990SCL26A,INHN85
HEALTHX,MICFIN
902SCL26A,INHN86
INTENTECH,INTT
INFRABEES,INFBEE
948SCL26A,INHN87
SCLZC26D,INHN88
SCLZC26E,INHN89
CPCAP,CARPOI
TASTYBITE,TASBIT
965SCL28A,INHN90
1015SCL28,INHN91
925SCL28A,INHN92
971SCL28A,INHN93
GREENPOWER,ORIGRE
1050SCL30,INHN94
1003SCL30A,INHN95
1075SCL33B,INHN96
LML,LML
980SCL33,INHN97
925SCL25G,INHN98
965SCL25F,INHN99
RAMKY,RAINFR
732GS2030,732K30
GALLISPAT,GALISP
BABAFP,BABFOO
ASKAUTOLTD,ASKAUT
ARIHANTSUP,ARISUP
CANTABIL,CANRET
ROXHITECH,ROXHI
LUMAXIND,LUMIND
ASHOKA,ASHBUI
WABAG,VATWAB
AKSHARCHEM,AUDIND
BEDMUTHA,BEDIND
URJA,URJGLO
SUNREST,SUNLIF
JWL,COMENG
CLEDUCATE,CLEDU
OBEROIRLTY,OBEREA
ESILVER,EDESIL
IREDA,INDREN
ROCKINGDCE,ROCDEA
IRFC,INDR
TATATECH,TATTEC
SHAH,GYSALL
ASHAPURMIN,ASHMIN
PRESTIGE,PREEST
GANDHAR,GANOIL
M&M,MAHMAH
NRAIL,NRAGAR
SHANKARA,SHABUI
FEDFINA,FEDFIN
RESPONIND,RESIND
CGCL,CAPGLO
L&TFH-RE,LTFRE1
FLAIR,FLAWRI
COALINDIA,COALIN
UNIDT,UNIDRI
CBAZAAR,NETAVE
MARINETRAN,MARIN
IOLCP,IOLCHE
SHEETAL,SHEUNI
NACLIND,NAGAG
888IHFL25F,CHON31
RAMCOCEM,RAMCEM
CIFCZC25,CHON32
850CIFCL26,CHON33
CIFCZC26,CHON34
860CIFCL28,CHON35
CIFCZC28,CHON36
APCL,ANJPO
GRAPHISAD,GRALIM
SGBMAR25,SGBTR7
INDIGOPNTS,INDPAI
WIPL,WESIP
182D130624,THF24B
ACCENTMIC,ACCMIC
CHENNPETRO,CHEPET
PRESSTONIC,PREENG
PRUDMOULI,PRUSUG
BAJEL,BAJPRO
GOLDAXIS,AXIGOL
GRAVITA,GRAVIN
SJLOGISTIC,SJLOG
BBNPPGOLD,PARGOL
DOMS,DOMIND
INDIASHLTR,INDSHE
HOMEFIRST,HOMFIR
DOLLAR,DOLIN
ASHIMASYN,ASHLIM
SHREEOSFM,SHROSF
INOXINDIA,INOIND
850TPL26,TATP01
847TPL26,TATP02
SUPERHOUSE,SUPLIM
820TPL26,TATP03
PENIND,PENIND
TPL26,TATP04
843TPL26,TATP05
L&TFIN,LTFN34
92LTF29,LTFN21
JINDWORLD,JINWOR
935LTF29,LTFN22
884LTF29,LTFN23
898LTF29,LTFN24
885LTF27,LTFN35
905LTF27,LTFN36
852LTF27,LTFN37
87LTF27,LTFN38
845LTF24,LTFN45
86LTF24,LTFN46
SCHAND,SCHA
815LTF24,LTFN47
829LTF24,LTFN48
85LTF26,LTFN49
865LTF26,LTFN50
91D210324,TQC24C
182D200624,THF24C
364D191224,TYL24C
VTL,VARTEX
815SHFL25,SUNND2
878MFL27,MUT467
885MFL28,MUT468
771HDFCB33,HDFN21
RPPINFRA,RPPINF
921ISFL25,IIFN12
960ISFL25,IIFN13
957ISFL26,IIFN14
10ISFL26,IIFN15
JAMNAAUTO,JAMAUT
1003ISFL28,IIFN16
1050ISFL28,IIFN17
MOTISONS,MOTJEW
MAHINDUGIN,MAHUGI
SUMEETINDS,SUMIND
BHAGYANGR,BHALIM
IRBINVIT,IRBINV
SURAJEST,SUREST
HUDCO,HUDCO
MOIL,MOILIM
MUTHOOTMF,MUTMIC
765NBFID38,NAND1
779SIDBI27,SMAND1
768IREDA33,INRND1
MAHSCOOTER,MAHSCO
HAPPYFORGE,HAPFOR
ZEELEARN,ZEELEA
RBZJEWEL,RBZJEW
PSPPROJECT,PSPPRO
MUFTI,CREBRA
MAHSEAMLES,MAHSEA
EFORCE,ELEFOR
ASHKLEYFIN,ASHLF
813PNBH33,PNBHO2
KTIL,KESTER
AZAD,AZAENG
A2ZINFRA,A2ZMAI
SPANCO,SPALTD
MANJUSHREE,MANEXT
JALAN,JALTRA
KIRLOSENG,KIRENG
91D280324,TQC24D
RKDL,RAVKUM
182D270624,THF24D
364D261224,TYL24D
SUNCLAY,SUNCL
925IHFL25H,INHDB1
965IHFL25B,INHDB2
888IHFL25B,INHDB3
VSCL,VADSPE
925IHFL25B,INHDB4
SGBMAY25,SGBTR8
IBHFZC25E,INHDB5
IBHFZC25F,INHDB6
940SCL26B,INHDB7
INDIGRID,INGND2
990SCL26B,INHDB8
948SCL26B,INHDB9
PSB,PUNSIN
SCLZC26F,INHD10
SCLZC26G,INHD11
965SCL28B,INHD12
925SCL28B,INHD13
971SCL28B,INHD14
FMNL,FUTMAR
980SCL33D,INHD15
835SCL23A,INHD16
875SCL23A,INHD17
1025SCL33,INHD18
1075SCL33,INHD19
980SCL33B,INHD20
KBIL,KIRBIL
835SCL23B,INHD21
INDIFRA,INLIM
MANGLMCEM,MANCEM
INNOVACAP,INNCAP
SUPREMEPWR,SUPPOW
STOVEKRAFT,STOKRA
SURANASOL,SURSOL
MANGTIMBER,MANTIM
STARCEMENT,STACEM
TECHLABS,TRIT
SHEKHAWATI,SHEPOL
SAIFL,SAMAGR
HRHNEXT,HRHNEX
BFINVEST,BFINV
KICL,KALINV
TEJASNET,TEJNET
AKANKSHA,AKAPOW
ERIS,ERILIF
91D040424,TQD24A
182D040724,THG24A
364D020125,TYA25A
KCEIL,KAYCEE
CDSL,CDSL
MARDIASTL,MARSTE
KLL,KAULOG
84TCAPS24,TCLN17
85TCAPS24,TCLN18
855TCAPS27,TCLN19
GTPL,GTPHAT
865TCAPS27,TCLN20
ASHOKLEY,ASHLEY
9TCAP28,TCLN13
910TCAP28,TCLN14
875TCAPS29,TCLN21
885TCAPS29,TCLN22
815LTF27,LTFN62
9HFL34,HERND4
AUBANK,AUSMA
78NABARD27,NATAG2
MASTEK,MASTEK
DIGIDRIVE,DIGDIS
NIFTYAXIS,AXINIF
LOWVOLIETF,ICIN30
TRANSWIND,TRAINF
DALMIABHA,DALBHA
SUMMITSEC,SUMSEC
91D110424,TQD24B
182D110724,THG24B
364D090125,TYA25B
777IREDA27,INRND2
DYNPRO,DYNPRO
765PGCIL34,POWND3
SEITINVIT,SUSENG
AGLSL,ARTGLO
840CIFCL27,CHON37
1015CLIX25,CLICA2
BHAGYAPROP,BHAPRO
JYOTICNC,JYOCNC
STEELXIND,STEEXC
IBLFL,IBLFIN
SALASAR,SALTEC
GRASIM-RE,GRARE1
PALASHSECU,PALSEC
MAGADSUGAR,MAGSUG
757NHB31,NATND2
GANGESSECU,GANSEC
TATAGOLD,TATGOL
AVADHSUGAR,AVASUG
MFSL,MAXFIN
MOM100,MOT100
THEINVEST,FORFI
TATSILV,TATSIL
BDL,BHADYN
APS,AUSPRE
OPTIEMUS,OPTINF
SGBJUL25,SGBTR9
NEXT50BETA,UTINI
STEL,SENTEA
SIS,SECINT
COCHINSHIP,COCSHI
JUBLINDS,JUBIND
HALEOSLABS,SMSLIF
COMSYN,COMSYN
DEEPAK-RE,DEERE1
ABCAPITAL,ADICAP
APEX,APEFRO
RANKLIN,RANSOL
COROENGG,CORENG
HINDMOTORS,HINMOT
RAJMET,RAJME
BRNL,BHAROA
DIXON,DIXTEC
MAXPOSURE,MAXLIM
MANAV,MANAI
DCAL,DISCAR
MEDIASSIST,MEDASS
LASA,LASSUP
CORAL-HUB,VIINFO
MATRIMONY,MATCOM
CHOLAHLDNG,TUBINV
GAMMONIND,GAMIND
CAPACITE,CAPINF
METAZINC,MTZIND
LIQUIDCASE,ZERNIF
BABAFOOD,SRIKR
AKG,AKGEXI
ICICIGI,ICILOM
METROCHEM,METIND
MPTODAY,MADPRA
DAVANGERE,DAVSUG
SBILIFE,SBILIF
BOSCHLTD,BOSLIM
CADSYS,CADIN
TEXRAIL,TEXRAI
TSFINV,SUNF
DIAMONDYD,PRASNA
TIRUPATI,SHRTIR
GENCON,WELPOR
HFCL,HIMFUT
INDTERRAIN,INDTER
NIFTYBETF,BAJNIF
BANKBETF,BAJBAN
ACC,ACC
IEX,INDEN
SGBFEB29XI,SGBT48
BIRET,BROIND
SKIPPER-RE,SKIRE1
HANUNG,HANTOY
ERFLNCDI,ECLN93
ABFRLPP1,ADIPP1
M&MFIN-RE,MAHRE1
DHUNINV,DHUINV
EBBETF0431,BHABO4
SGBJUL28IV,SGBT41
EBBETF0425,BHABO3
GDL-RE,GATRE1
NDRAUTO,NDRAUT
WORTHPERI,WORPER
TIRUPATIFL,TIRFOR
SPENCER-RE,SPERE1
MODIRUBBER,MODRUB
577GS2030,577H30
MINDSPACE,MINBUS
TATASTLPP,TATP10
SATIN-RE,SATRE1
ALPL30IETF,ICIA30
MACPOWER,MACCNC
MCL,MADCOP
ITIETF,ICIPIT
MAXHEALTH,MAXHEA
SGBAUG28V,SGBT42
MINDA-RE,MINRE1
MODTHREAD,MODTHR
LOVABLE,LOVLIN
TOTAL,TOTTRA
MAXIND,MAXI
HDFCNIFBAN,HDFBET
CKPPRODUCT,CKPPRO
68GS2060,680H60
BANKBETA,UTIBET
EPACK,EPADUR
ADDICTIVE,ADDLEA
KONSTELEC,KONENG
SGBDE31III,SGBT66
NOVAAGRI,NOVAGR
ITBETA,UTIIET
EIH-RE,EIHRE1
91D020524,TQE24A
182D010824,THH24A
364D300125,TYA25E
FONEBOX,FONRET
GILT5BETA,UTIN05
GILT10BETA,UTIN10
DELAPLEX,DELLI
DHTL,DOCHEA
875CIFC23B,CHON38
CIFC26,CHON39
85CIFC27,CHON40
CIF27,CHON41
86CIFC29,CHON42
CIF29,CHON43
MEGATHERM,MEGIND
BLSE,BLSESE
BAWEJA,BAWSTU
ADRO-RE,ADRRE1
IBUL-RE,INBRE1
MAGNUM-RE,MAGRE1
MOREPENLAB,MORLAB
HEALTHADD,DSPHEA
HDFCPSUBK,HDFPSU
PFS,PTCIND
MORGANSTAN,MORSTA
91D090524,TQE24B
182D080824,THH24B
364D060225,TYB25A
BANDHANBNK,BANBAN
NAGREE-RE,NAGRE1
ITALIANE,ITAEDI
PARKHOTELS,APESUR
SIGNPOST,SIIND
JSFB,JANSMA
RPTECH,RASPER
CAPITALSFB,CAPSM
NDRINVIT,NDRINV
ALPEXSOLAR,ALPSOL
91D160524,TQE24C
182D150824,THH24C
364D130225,TYB25B
POLYSIL,POLIRR
ENTERO,ENTHEA
LICNMID100,LICEF2
WTICAB,WISTRA
VSTL,VIBSTE
MON100,MOTNAS
IRISDOREME,IRICLO
91D230524,TQE24D
182D220824,THH24D
364D200225,TYB25C
ESCONET,ESCTEC
MRF,MRFTYR
INM,INTAND
IBULPP,IHFPP1
TCL,THACAS
ATMASTCO,ATMLTD
DEEM,DEEROL
ZENITHDRUG,ZENDRU
JUNIPER,JUNHOT
SKIPPERPP,SKIPP1
MRPL,MRPL
SMALLCAP,MIRNSF
1025UCL25,UGRN12
1075UCL25,UGRN10
1035UCL26,UGRND4
105UCL2026,UGRN11
11UCL26,UGRN13
GPTHEALTH,GPTHEA
91D300524,TQE24E
182D290824,THH24E
364D270225,TYB25D
SGBFEB32IV,SGBT67
HLEGLAS,SWIGLA
SADHAV,SADSHI
GOLDCASE,ZEROGE
OWAIS,OWAMET
8258TCL27,TCLN38
1048IIFL27,IFSMN1
PLATIND,PLAIN
PURVFLEXI,PURFL
MTNL,MTNL
EXICOM,EXITEL
SOUTH-RE,SOURE1
ADROITPP1,ADRPP1
MVKAGRO,MVKAGR
MUKKA,MUKPRO
91D060624,TQF24A
182D050924,THI24A
364D060325,TYC25A
VR,VRINFR
LANCORHOL,LANHOL
HAL,HINAER
INDUSINVIT,BHAHIG
RKSWAMY,RKSWA
1175PPPL27,PREND1
SONAMAC,SONMAC
JGCHEM,JGCHEM
BESTAGRO,SAHCRE
GOPAL,GOPSNA
MUNJALSHOW,MUNSHO
SHREEKARNI,SHRKA
91D130624,TQF24B
182D120924,THI24B
364D130325,TYC25B
PRATHAM,PRAEPC
10NFL25,NAVN17
1040NFL26,NAVN18
1090NFL26,NAVN19
1065NFL27,NAVN20
1119NFL27,NAVN21
SCILAL,SCILAL
MURUDCERA,MURCER
PVSL,POPVEH
SIGNORIA,SIGCRE
AVPINFRA,AVPINF
HEIDELBERG,HEICEM
676GS2061,676A61
KRYSTAL,KRYINT
MOSMALL250,MONET2
MOREALTY,MONET1
NCC,NAGCON
SMCGLOBAL,SMCGLO
91D200624,TQF24C
182D190924,THI24C
364D200325,TYC25C
ENFUSE,ENFSOL
ENSER,ENSCOM
HCC-RE,HINRE1
CPSEETF,CPSETF
925IHFL26A,INHNC2
965IHFL26,INHNC3
888IHFL26,INHNC4
925IHFL26B,INHNC5
0IHFL26,INHNC6
940SCL27,INHNC7
990SCL27,INHNC1
902IHFL27,INHNC9
0SCL27,INHC11
965SCL29,INHC12
1015SCFL29,INHC13
925SCL29,INHC14
971SCL29,INHC15
10SCL31,INHC16
JAYNECOIND,JAYNE
1050SCFL31,INHC17
957SCL31,INHC18
1003SCFL31,INHC19
1025SCFL34,INHC20
1075SCFL34,INHC21
980SCL34,INHC22
1025SCL34,INHC23
91D270624,TQF24D
182D260924,THI24D
364D270325,TYC25D
AQYLON,SRIADH
VISHWAS,VISSEE
BALKRI-RE,BALRE1
NAMAN,NAMINS
VHLTD,VICHOT
ASPIRE,ASPINN
SRM,SRMCON
LIQUIDADD,DSPPLE
BLUEPEBBLE,BLUPEB
TRUST,TRUFIN
91D040724,TQG24A
TAC,TACINF
RADIOWALLA,RADNET
YASHOPTICS,YASOPT
TCIDEVELOP,TCIDEV
K2INFRA,K2INFR
71GS2034,710D34
CGRAPHICS,CRESOL
ALUWIND,ALUAR
SINCLAIR,SINHOT
DRSCARGO,DRSCAR
BHARTIHEXA,BHAHEX
NAHARSUGAR,NAHSUG
91D120724,TQG24B
AAKASH,AAKEXP
NURECA,NURLIM
182D111024,THJ24B
UEL,UJAENE
TARACHAND,TARCHA
723GS2039,723D39
DCG,DCGWIR
TGL,TEEGOP
91D190724,TQG24C
182D181024,THJ24C
NALCOCHEM,NALCHE
364D180425,TYD25C
AIIL,AUTINV
734GS2064,734D64
BIRDYS,GRISPL
RBS,RAMSOL
SAKUMA-RE,SAKRE1
GLOSTERLTD,GLOJUT
ASIANPAINT,ASIPAI
91D250724,TQG24D
BALUFORGE,BELAGR
IIFL-RE,IIFRE1
JNKINDIA,JNKIND
91D020824,TQH24A
182D011124,THK24A
364D020525,TYE25A
GIRIRAJ,GIRCIV
MUTHOOTFIN,MUTFIN
FILATFASH,FILFAS
AURUMPP1,MAJPP2
903MFL29,MUT508
NARMDCHEMA,NARCHE
91D080824,TQH24B
182D071124,THK24B
364D080525,TYE25B
SLONE,SLOINF
INDGN,INDLTD
885MOFSL26,MOTNC1
0MOFSL26,MOTNC2
91MOFSL27,MOTNC3
0MOFSL27,MOTNC4
897MOFSL29,MOTNC5
935MOFSL29,MOTNC6
93MOFSL34,MOTNC7
97MOFSL34,MOTNC8
WINSOL,WINENG
REFRACTORY,REFSHA
935AKCF27,AKCND3
SANG-RE,SAGRE1
AADHARHFC,AADHOS
SILKFLEX,SILPOL
TBOTEK,TBOTEK
EMMIL,ENEMIS
91D150824,TQH24C
182D141124,THK24C
364D150525,TYE25C
PRLIND,PREROA
AJOONI-RE1,AJORE1
VERITAAS,VERADE
MANDEEP,MANAUT
ABSMARINE,ABSMAR
IEML,INDEMU
QUESTLAB,QUELAB
GODIGIT,GODIGI
BSLGOLDETF,BSLGOL
ABSLPSE,ABSPSE
91D230824,TQH24D
182D221124,THK24D
364D230525,TYE25D
SANGHVIFOR,SANFOR
HOACFOODS,HOAFOO
RULKA,RULELE
VIJIFI-RE,VIJRE1
SOLARA-RE,SOLRE1
NAVNETEDUL,NAVEDU
702GS2027,27GIL7
MIDSMALL,MIRAIN
AWFIS,AWFSPA
NELCO,NELCO
91D290824,TQH24E
182D281124,THK24E
364D290525,TYE25E
GSMFOILS,GSMFOI
MGEL-RE,MALRE1
VILAS,VILTRA
NEPCAGRO,NEPAGR
LIQUIDBETF,BAJNLF
704GS2029,704F29
BEACON,BEATRU
925SCL26C,IBHN91
965SCL26A,IBHN92
888SCL26A,IBHN93
925SCL26D,IBHN94
SCFL310524,IBHN95
ESSARPORTS,ESSSHI
SCL310524,IBHN96
94SCL27,IBHN97
99SCL27,IBHN98
902SCL27A,IBHN99
948SCL27A,IBH100
SCL310524A,IBH101
1015SCL29,IBH102
925SCL29A,IBH103
971SCL29A,IBH104
10SCL31A,IBH105
1050SCL31,IBH106
1003SCL31,IBH107
SANDHAR,SANTE
1075SCL34,IBH108
98SCL34,IBH109
1025IHF34A,IBH110
ZTECH,ZTEIND
AIMTRON,AIMELE
91D050924,TQI24A
182D051224,THL24A
364D050625,TYF25A
BOROSCI,BORSCL
TBI,TBICOR
KRONOX,KROLAB
ESSEN-RE2,INTRE3
NGIL-RE2,NAKRE2
91D120924,TQI24B
NEULANDLAB,NEULAB
182D121224,THL24B
364D120625,TYF25B
IXIGO,LETRA
702GS2031,702F31
MID150CASE,ZERMID
TOP100CASE,ZERTOP
91D190924,TQI24C
182D191224,THL24C
364D190625,TYF25C
GPECO,GPECOS
BBNPNBETF,BBNETF
PEL,PIRENT
KSHITI-RE,KSHRE1
920IIFLS26,IIFN19
960IIFLS26,IIFN20
957IIFLS27,IIFN21
10IIFLSF27,IIFN22
1003IIFL29,IIFN23
1050IIFL29,IIFN24
RETAIL,JHSRET
FALCONTECH,FALTEC
DEEDEV,DEEDEV
AFIL,AKMFIN
DURLAX,DURTOP
WINNY,WINIMM
PIIND,PIIND
SYMPHONY,SYMLIM
VADILALIND,VADIND
SOBHA-RE,SODRE1
NILKAMAL,NILLIM
91D260924,TQI24D
182D261224,THL24D
364D260625,TYF25D
MITCON-RE,MICRE1
IVZINNIFTY,INVNIF
1190VCCL26,VEDCR1
RELAXO,RELFOO
STANLEY,STALIF
OMINFRAL,OMMETA
MEDIORG,MEDORG
BRIGHT,BRISOL
SPCL,SHIPOW
DQE,DQENTE
ESTER,ESTIND
SYLVANPLY,SYLPLY
NIPPONDENS,DENIND
VISAMAN,VISGLO
MASON,MASINF
DPEL,DIVPOW
PCCL,PETCAR
VSTTILLERS,VSTTIL
NXT-INFRA,NXTINT
AKIKO,AKIGLO
ABDL,ALLBLE
RAILTEL,RAICOR
DTL,DIETEC
VRAJ,VRAIRO
NIRLON,NIRLON
91D031024,TQJ24A
182D020125,THA25A
364D030725,TYG25A
CONSUMBEES,RELCON
NEPHROCARE,NEPCAR
NIRMA,NIRMA
SBISILVER,SBISIL
LIQUIDSHRI,SHRLIQ
RELIABLE,RELDAT
KARMAENG,KARENE
BANSALWIRE,BANWIR
NKIND,NKIND
DELPHIFX,WEIFOR
EMCURE,EMCPHA
ASHIANA,ASHHOU
ABGSEC,ABSLCB
DHANUKA,DHAAG
DHANSA,AMBLAB
NOCIL,NOCIL
91D101024,TQJ24B
182D090125,THA25B
364D100725,TYG25B
NANDANI-RE,NANRE1
EFFWA,EFFINF
GGBL,GANGRE
AGIIL,AGIINF
EVINDIA,MIREVA
NGILPP,NAKPP1
SAHAJSOLAR,SAHSOL
91D181024,TQJ24C
182D170125,THA25C
364D180725,TYG25C
SOBHAPP,SOBPP1
ADL,ARCDEC
SATIPOLY,SATPLA
PRIZOR,PRIVIZ
TUNWAL,TUNMOT
SBINEQWETF,SBINEQ
KATARIA,KATIND
FILATEX,FILIND
OILIETF,ICIOIL
MAITHANALL,MAIALL
CENTRUM,CENCAP
MACOBSTECH,MACTEC
GSTL-RE,GLBRE1
91D241024,TQJ24D
182D230125,THA25D
364D240725,TYG25D
INDO-RE1,INRE1
SANSTAR,SANLIM
RNFI,RNFSER
RUSHIL,RUSDEC
RELTD,RAVTRA
VLINFRA,VLINFR
AVANTEL,AVASOF
CHETANA,CHEEDU
MIEL,MANINR
MIDHANI,MISDHA
APRAMEYA,APRENG
TROM,TROIND
91D311024,TQJ24E
182D300125,THA25E
364D310725,TYG25E
SATECH,SATECH
ESPRIT,ESPSTO
TATACON-RE,TATRE1
NIRMAN-RE,NIRRE1
OENCONNECT,FRACON
SSEGL,SATSYN
BULKCORP,BULINT
697GR2034,697H34
RAJINDLTD,RAJINU
ASHALOG,ASHLOG
AKUMS,AKUDRU
UTSSAV,UTSCZG
RUBFILA,RUBINT
RPEL,RAGRAM
CEIGALL,CEIIND
DHARIWAL,DHALIM
ONGC,ONGC
WELGLOB,WELGLO
GRASIMPP1,GRAPP1
91D071124,TQK24A
182D060225,THB25A
364D070825,TYH25A
OLAELEC,OLAELE
BSLNIFTY,BIRNIF
PPSL,PICSTU
GROWWEV,GROETF
MITCONPP,MICPP1
UNIECOM,UNIESO
ONWARDTEC,ONWTEC
HIRAFERRO,HIRFER
FIRSTCRY,BRASOL
MANCREDIT,MANCRE
PANCHSHEEL,PANORG
119VCCL26,VEDCR5
AESTHETIK,AESENG
SARTHAKIND,SARTHA
91D151124,TQK24B
182D140225,THB25B
364D150825,TYH25B
GSEC10ABSL,ABSCRL
SUYOG,SUYTEL
SSDL,SARSAR
METALIETF,ICIMET
POSITRON,POSENE
ORIENTBANK,ORIBAN
INVENTURE,INVGRO
SUNLITE,SUNREC
BALCO,SOLPLA
ISEC,ICISEC
BRACEPORT,BRAPOR
INTERARCH,INTBUI
FORCAS,FORSTU
GREEN-RE1,ORIRE1
SILGO,SILRET
VINNY-RE,VIORE1
ELGIRUBCO,ELGRUB
ORIENTHOT,ORIHOT
GLOBALE,GLOTES
MFML,MAHFAB
MODEFENCE,MOTDEF
LTF,LTFINA
IDEALTECHO,IDETEH
QVCEL,QVCEXP
ORIENTPPR,ORIPAP
ORIENTTECH,ORITEC
SURAJLTD,SURF
WINDMACHIN,WINMAC
91D281124,TQK24D
182D270225,THB25D
364D280825,TYH25D
ADANIENT,ADAENT
SGBOCT25,SGBT10
IBULLSLTD,INDWHO
ATAL-RE,ATARE1
BODALCHEM,BODCHE
GAYAPROJ,GAYPRO
IPHL,INDPHO
JAYBEE,JAYBEE
AFL-RE,ARVRE2
PREMIERENE,PREENR
VDEAL,VDESYS
ECOSMOBLTY,ECOMOB
AERON,AERCOM
PARAMATRIX,PAMTEC
RAYMONDLSL,RAYLIF
MULTICAP,MIRMUL
TREEHOUSE,TREHOU
ASAHISONG,ASASON
ASSAMFRONT,AFTIND
91D051224,TQL24A
182D060325,THC25A
364D040925,TYI25A
STYLEBAAZA,BAASTY
BOSS,BOSPAC
AKSH-RE,AKSRE1
BCLIND,BHACH
GALAPREC,GALPRE
OSWALAGRO,OSWAGR
BROOKS,BROLAB
JEYYAM,JEYGLO
RVTH,REVEQI
EUREKAFORB,EURFOR
NAMOEWASTE,NAMEWA
TOP10ADD,DSPT10
TDPOWERSYS,TDPSYS
DUCON-RE,DUCRE1
CIMMCO,CIMLIM
ARCOTECH,ARCLTD
BALAJEE,SHRTIU
MYMUDRA,MYMUDR
91D121224,TQL24B
182D130325,THC25B
364D110925,TYI25B
SANOFICONR,SANCON
OTIS,OTIELE
VIESL,VISINA
XTGLOBAL,FROINF
SHUBHSHREE,SHUBIO
GAJANAND,GAJINT
AUSL,ADIULT
KROSS,KROLIM
EBANKNIFTY,EDENBE
TOLINS,TOLTYR
BAJAJHFL,BAJHOU
925AEL26,ADAND8
AEL120924,ADAND9
932AEL27,ADAN10
965AEL27,ADAN11
OUDHSUG,OUDSUG
AEL120924A,ADAN12
956AEL29,ADAN13
99AEL29,ADAN14
AEL120924B,ADAN15
SPPPOLY,SPPPOL
CONTI,CONSEE
PNGJL,PNGADG
INNOMET,INNADV
EXCELLENT,EXCWIR
APLLTD,ALEPHA
ORIENT-RE,ORRRE1
PATINT-RE2,PATRE1
VASWANI,VASIND
PGHH,PROGAM
PGEL,PGELEC
SGIL-RE,SYNRE1
SSFL-RE,SRIRE1
OSELDEVICE,OSEDEV
PANAMAPET,PANPET
ARKADE,ARKDEV
WCIL,WESCAR
PELATRO,PELLIM
ENVIRO,ENVSYS
DECCANTRAN,DECTRA
NORTHARC,NORARC
PSFL,PARSPE
KALANA,KALISP
GROWWLIQID,GROLQD
12VCCL29,VEDCR6
PAISALO,SEINVE
PADMINPOLY,PADPOL
TIJARIA,TIJPOL
ONELIFECAP,ONECAP
INDOUS,INDUS
TAKSHEEL,TAKSHE
PHOGLOBAL,PHOOVE
FLEXITUFF,FLEINT
AVIANSH,AVIANS
BIKEWO,BIKGRE
SDREAMS,SDRETA
925SCL26E,SAMCP1
965SCL26F,SAMCP2
925SCL26F,SAMCP3
SCL25924,SAMCP4
SCL25924A,SAMCP5
940SCL27A,SAMCP6
990SCL27B,SAMCP7
902SCL27C,SAMCP8
948SCL27D,SAMCP9
SCL25924C,SAMC10
SCL25924D,SAMC11
1015SCL29B,SAMC12
925SCL29C,SAMC13
971SCL29B,SAMC14
1050SCL31A,SAMC15
1003SCL31A,SAMC16
1025SCL34C,SAMC17
1075SCL34C,SAMC18
980SCL34B,SAMC19
SHAKTIPUMP,SHAPUM
1025SCL34B,SAMC20
MBECL,MCNBHA
NARMA-RE,NRARE1
TRITURBINE,TRITUR
MANBA,MABFIN
WOL3D,WOLIND
MOMENTUM50,MOTMOM
INDOTHAI,INDTHA
RAPPID,RAPVAL
HUHTAMAKI,HUHPPL
UYFINCORP,GOLSE
UNILEX,UNICOL
ESSARSHPNG,ESSSH
LICMFGOLD,IDBGOL
KRN,KRNHEA
THESL,THIHAT
TECHERA,TEHENG
FORGEAUTO,FORAUT
SAHASRA,SAHELE
DIFFNKG,DIFENG
DIVYADHAN,DIVREC
JISLDVREQS,JISDVR
DSSL,DYNSYS
HVAX,HVATEC
SAJHOTELS,SAJHOT
POLYMED,POLMED
PARAMOUNT,PARDYE
RUPA,RUPACO
BANKPSU,MIRPSU
679GS2034,679J34
SRD,SHALAL
PARRYAGRO,PARAGR
METAL,MIRMET
MITTAL-RE1,MITRE1
SAHANA-RE,SAHRE1
VIKASECO,VIKECO
GROWWDEFNC,GRODEF
91D090125,TQA25A
182D100425,THD25A
364D091025,TYJ25A
APLAPOLLO,APLAPO
KANANIIND,KANAIN
GEOJIT-RE,GEORE1
GARUDA,GAUCON
LLOYDSENT,SHRGLO
PRANIK,PRALOG
91D160125,TQA25B
182D170425,THD25B
364D161025,TYJ25B
VINCOFE,SPAPRO
HYUNDAI,HYUMOT
VAL30IETF,ICIV30
AFFORDABLE,AFFROB
LAKSHYA,LAKPOW
925SCL26G,SAMND3
FRESHARA,FREAGR
GROWWGOLD,GROGOL
MORARJEE,MORTEX
SECURCRED,SECCRE
EROSMEDIA,EROINT
IMPEXFERRO,IMPFER
91D230125,TQA25C
182D240425,THD25C
364D231025,TYJ25C
PATSPINLTD,PATIND
VTMLTD,VTMLTD
DBEIL,DEEBUI
MINDACORP,MINCOR
PREMIUM,PREPLS
WAAREEENER,WAAENE
1015UCL26,UGRN19
1025UCL26A,UGRN20
1040UCL27B,UGRN21
OCCLLTD,OCCLIM
OBSCP,OBSPER
DANISH,DANPOW
UHTL,UNIHET
GODAVARIB,GODBIO
3PLAND,PUDAGR
USHAFIN,USAFIN
91D300125,TQA25D
182D010525,THD25D
364D301025,TYJ25D
UCL-RE,USHRE1
AFCONS,AFCINF
AMJLAND,PUDPUL
AVL,ADIVIS
PARTYCRUS,PARCRU
HINDWAR-RE,SOHRE1
EMULTIMQ,EDENMC
ATLASCOPCO,ATLCOP
HELIOSMATH,HELMAT
LEMONTREE,LEMTRE
PEARLGLOBL,PEAGLO
NIRAJ,NICEME
HERANBA,HERIND
SEAMECLTD,SEALIM
IT,KOTEIT
ATUL,ATUL
DIVOPPBEES,RELDIV
PFIZER,PFIZER
DRCSYSTEMS,DRCSYS
PHILCORP,KORFOD
PCBL,PHICAR
PHILIPS,PHIIND
PHOENIXLL,PHOLAM
PIDILITIND,PIDIND
VERA,VERSYN
POLYPLEX,POLCOR
SSINFRA,SSINF
HEXATRADEX,HEXTRA
91D060225,TQB25A
182D080525,THE25A
364D061125,TYK25A
ABINFRA,ABINF
TBZ,TRIBHI
MASTERTR,MASTRU
PRAJIND,PRAIN
SAGILITY,SAGINI
ACMESOLAR,ACMSOL
SWIGGY,SWILIM
VSSL,VARSPE
LIQUIDPLUS,MIRLIQ
KPEL,KPENE
PRAKASH,PRAIND
KMEW,KNOMAR
SWANCORP,SWAENE
NIVABUPA,NIVBUP
CHROMATIC,CHRIND
SPECIALITY,SPERES
PRECOT,PREMIL
91D130225,TQB25B
182D150525,THE25B
364D131125,TYK25B
NEELAM,NEELIN
EON,EONELE
ONYX,ONYBIO
BLACKBUCK,ZINLOG
MTARTECH,MTATEC
91D210225,TQB25C
182D230525,THE25C
364D211125,TYK25C
BUTTERFLY,BUTGAN
CINELINE,CININD
PRECWIRE,PREWIR
709GS2074,709G74
RACLGEAR,RAUINT
NTPCGREEN,NTPGRE
91D270225,TQB25D
182D290525,THE25D
364D271125,TYK25D
EIEL,ENVINF
LAMOSAIC,LAMIND
CMMIPL,CMMINF
ITTL,INNTYR
RAJPUTANA,RAJBIO
C2C,C2CADV
ABHAPOWER,ABHPOW
APEXECO,APEECO
UPL-RE,UNIRE1
RTNINDIA,RATINF
SAMPANN,SEPOW
AGARWALTUF,AGATOU
AMTL,ADVMET
91D060325,TQC25A
182D050625,THF25A
364D041225,TYL25A
SURAKSHA,SURDGN
GANESHIN,GANINR
ROSSTECH,ROSTEC
PRSMJOHNSN,PRICE
664GS2027,664L27
935TSI29,TELND2
935TSIIC28,TELND3
935TSI32,TELND4
935TSI34,TELND1
935TSI30,TELND5
AUROPHARMA,AURPHA
935TSIIC33,TELND7
935TSI27,TELND8
PSL,PSLLIM
935TSI31,TELND6
ODIGMA,ODICON
CHEMCON,CHESPE
PUNANDLAMP,PUNANA
ETML,EMETYR
PUNJABTRAC,PUNTRA
704GJ33,STAND7
PUNJABWIRE,PUNWIR
GICRE,GIC
DHANLAXMI,DHACRO
PUNJCOMMU,PUNCO
INNOVANA,INNTHI
AUTOAXLES,AUTAXL
IRBIT-RE2,IRBRE2
JUBLINGREA,JUBING
SAILIFE,SAILIF
EASEMYTRIP,EASTRI
VMM,VISMEG
PURPLEUTED,PURUNI
MOBIKWIK,ONEMOB
SFML,SUPFAC
RAJSREESUG,RAJSUG
AUTOCORP,AUTCOR
SGBMR29XII,SGBT49
IKS,INVKNO
ARVEE,ARVLAB
CHEMFAB,CHEALK
RALLIS,RALIND
PENTAGOLD,PENGOL
91D200325,TQC25C
ANURAS,ANURAS
182D190625,THF25C
364D181225,TYL25C
ANUHPHR,ANUPHA
RANASUG,RANSUG
IGIL,INTGEM
MAHICKRA,MAHCH
AUTOLEC,AUTIND
LXCHEM,LAXORG
SIKKO-RE,SIKRE1
RANEHOLDIN,RANMAD
RASLAMIPAK,RASPRO
CRAFTSMAN,CRAAUT
ROOFITIND,ROOIN
IDENTICAL,IDEBRA
RAYMOND,RAYMON
RAYMONDSYN,RAYSYN
SRPL,SHRERA
RCF,RCF
DAMCAPITAL,DAMCAI
HITECH,HITPIP
MAMATA,MAMMAC
10IIFL28A,IIFL23
TRANSRAILL,TRALIG
REALVALAPL,REAVAL
RECKCOLMAN,RECCOL
CEWATER,CONENV
96IIFL28A,IIFL24
NMSTEEL,NEWSTE
SANATHAN,SANTEX
91D280325,TQC25D
182D270625,THF25D
364D261225,TYL25D
IIFLZC28,IIFL25
MOKSH-RE,MOKRE1
VENTIVE,VENHOS
RELIANCE,RELIND
885IHL26,IIFH01
IHFL261224,IIFH02
865IHFL27,IIFH03
9IHFL27,IIFH04
PROZONER,PROCAP
IHF261224,IIFH05
89IHFL29,IIFH06
925IHFL29,IIFH07
IHF261224A,IIFH08
925IHFL31,IIFH09
CARRARO,CARINA
SENORES,SENPHA
679GS2031,679L31
925SCL26Z,SAMC21
965SCL26Y,SAMC22
KITEX,KITGAR
888SCL26X,SAMC23
925SCL26W,SAMC24
MAYURUNIQ,MAYUNI
SCL271224,SAMC25
SCL271224A,SAMC26
SGBMAY26,SGBT22
ROSSELLIND,ROSIN
94SCL27U,SAMC27
99SCL27V,SAMC28
902SCL27Q,SAMC29
948SCL27R,SAMC30
SCL271224B,SAMC31
965SCL29S,SAMC32
1015SCL29T,SAMC33
925SCL29S,SAMC34
971SCL29T,SAMC35
1050SCL31T,SAMC36
1003SCL31P,SAMC37
1025SCL34U,SAMC38
1075SCL34T,SAMC39
98SCL34Z,SAMC40
1025SCL34Z,SAMC41
DUCON,DUCINF
UNIMECH,UNIAER
CONSUMER,MIRNAC
ANYA,ANYPOL
91D030425,TQD25A
182D030725,THG25A
364D010126,TYA26A
CINEMAXIN,CINMAX
ECAPINSURE,EDEBSE
INDOFARM,INDFAR
DHAN-RE,DHARE1
91D100425,TQD25B
182D100725,THG25B
364D080126,TYA26B
ZUARI,ZUAAGR
SETL,STAGLA
QUADFUTURE,QUAFUT
RICOAUTO,RICAUT
DELTIC,DELAUT
DDEVPLSTIK,DDEPLA
738REC27TF,RECTS2
CARERATING,CARE
RIIL,RELII
PCJEWELLER,PCJEW
91D170425,TQD25C
182D170725,THG25C
INDUSTOWER,BHAINF
364D150126,TYA26C
CAMLIN-RE,CAMRE1
NAVKARURB,NAVBUI
SATKARTAR,SATSHO
CAPINVIT,CAPINR
SWANDEF,RELDEF
LAXMIDENTL,LAXDEN
BARFLEX,BARPOY
KKJEWELS,KABJEW
STALLION,STLIND
91D240425,TQD25D
182D240725,THG25D
364D220126,TYA26D
GLOBE-RE1,GLTRE1
CALSOFT-RE,CALRE1
ONESOURCE,ONESPE
EMAPARTNER,EMAPAR
ROSSELL,ROSIND
ITCHOTELS,ITCHOT
DENTA,DENWAT
REXPRO,REXENT
12VCCL29A,VCCND1
VMART,VMART
AVERY,AVEIND
91D010525,TQE25A
182D310725,THG25E
364D290126,TYA26E
751HUDCO28,HUDND4
734IRFC28,INDND4
861REC34,RECN17
MOHITIND,MOHIND
SUPREME,SUPHOL
NAKODA,NAKLIM
RUCHISTRIP,RUCSTR
AGARWALEYE,DRAHEA
MOSCHIP,MOSSER
NEXT30ADD,DSPN30
888REC29,RECN19
PROTEAN,PROEGO
91D080525,TQE25B
182D070825,THH25B
364D050226,TYB26B
MCLOUD,SOUIN
NIBE,KAVFAB
ORCHASP,CYBIN
S&SPOWER,SSPOWE
GROWWRAIL,GROIRP
950ISF27,IIFN25
SABERORGAN,SABORG
CHAMUNDA,CHAELE
KEN,KENENT
KALYANKJIL,KALJEW
NIFTYIETF,ICINIF
READYMIX,REACON
RPGTLTD,RPGTRA
NIF100BEES,REL100
91D150525,TQE25C
182D140825,THH25C
364D120226,TYB26C
NATCAPSUQ,NATCAP
JUBLCPL,JUBACP
ELGNZ,ELEINT
REPCOHOME,REPHOM
704IRFC28,INDND6
JYOTI-RE1,JYORE1
AJAXENGG,AJAENG
SAIL,SAIL
CHANDAN,CHAHEA
MAXVOLT,MAXENE
VOLERCAR,VOLCAR
PSRAJ,PSRAJS
HEXT,HEXTEC
THANG-RE,THJRE1
BAJAJINDEF,INDMAN
UNIONGOLD,UNIGOL
SAKHTISUG,SAKSUG
364D200226,TYB26D
SURYODAY,SURSMA
QPOWER,QUAPOW
ORIENTELEC,ORIELE
TEJASCARGO,TEJCAR
ROYALARC,ROYELE
GUJTHEM,GUJTHE
NIBL,NRBIND
12VCCL27B,VEDCR2
MSCIINDIA,KOTMSC
ORTINGLOBE,ORTLAB
SAMTELTD,SAMTEL
GSCLCEMENT,GUJSID
NAZARA,NAZTEC
GROWWN200,GRONIF
HPTL,HPTIND
VIVIDHA,VISPOL
SANDESH,SANDES
VIMALOIL,VIMOIL
91D300525,TQE25E
182D290825,THH25E
364D270226,TYB26E
SANDVIKAS,SANASI
NIFTY100EW,KOTNEW
JUSTDIAL,JUSDIA
SANGHIIND,SANGHI
AONETOTAL,ANGNTM
SUVIDHAA,SUVINF
91D050625,TQF25A
182D040925,THI25A
364D050326,TYC26A
SANGHIPOLY,SANPOL
NIVINFRA,SVELEC
BSE500IETF,ICI500
WONDERLA,WONHOL
ATULAUTO,ATUAUT
BALAJIPHOS,BALPHO
MANAV-RE,MAARE1
MOCAPITAL,MOSNIC
ORIENTCEM,ORICEM
KOHINOOR,KOHFOO
ITAXIS,AXITEC
91D120625,TQF25B
182D110925,THI25B
364D120326,TYC26B
GOLD360,ONG360
SELECTIPO,MIRABS
EQUAL200,MIRAB2
SAMMAANCAP,INDHO
PRABHA,PRAENE
CASHIETF,ICICAS
SATYAMCOMP,SATCOM
VALUEAXIS,AXIN50
SAURASHCEM,SAUCEM
91D190625,TQF25C
182D180925,THI25C
364D190326,TYC26C
CURAA,CURTEC
925SCL27A,SAMC42
1025SCL35A,SAMC60
980SCL35,SAMC59
940SCL28,SAMC47
SOTL,SAVOIL
SCL19325A,SAMC46
SCL190325,SAMC51
965SCL27,SAMC43
SCL19325,SAMC45
SDL26BEES,NIPSDL
925SCL27B,SAMC44
990SCL28,SAMC48
971SCL30A,SAMC61
SCL190325A,SAMC52
1003SCL32,SAMC56
971SCL30,SAMC54
1075SCL35,SAMC58
1025SCL35,SAMC57
1015SCL30,SAMC53
902SCL28,SAMC49
JINDALSAW,JINSAW
948SCL28,SAMC50
1050SCL32,SAMC55
BHARATSE,BHASEA
ISHANCH,ISHDYE
DIVINEHIRA,DIVJEW
UPLPP1,UNIPP1
SILVERCASE,ZEROSE
IRIS-RE,IRIRE1
GCHOTELS,GRACON
SBIBPB,SBIBPS
ESSENTIA,INTGAR
NIF100IETF,ICI100
SGBOCT25IV,SGBT11
91D260625,TQF25D
182D250925,THI25D
364D260326,TYC26D
SBIN,STABAN
SPECTRUM,SPEELE
RAPIDFLEET,RAPFLE
ACTIVEINFR,ACTINF
MID150,KOTNIM
AONELIQUID,ANGON1
SCI,SCI
BAJAJHLDNG,BAJHOL
NEUEON,SUJTOW
VEDL,VEDLIM
SESHAPAPER,SESPAP
SHAMKNSPIN,SHASPI
SHANTIGEAR,SHAGEA
BAJAJHIND,BAJHIN
PILITA,PILITA
SHASUNPHAR,SHADRU
INDOSTAR,INDOCA
CMRGREEN,CMRGRE
SHAWALLACE,SHAWAL
SFCL,STAFER
AFLPP,ARVPP1
846REC28,RECND9
SHREDIGCEM,SHRDIG
871REC28,RECN12
SHARONBIO,SHABIO
THOMASCOTT,THOSCO
SHREECEM,SHRCEM
830NHAI27,NHAND1
IGRID-RE,INDRE1
DBSTOCKBRO,DBINT
810IRFC27,INDND2
COMPUSOFT,COMSOF
RHIM,ORIREF
SATINPP1,SATPP1
MCX,MCX
TIINDIA,TUBIN
SHAH-RE1,SHMRE1
SCHNEIDER,SCHELE
82HUDCO27,HUDND2
NDL,NANDEN
SHREYANIND,SHRIN
CRMFGETF,CANGOL
UFBL,BARNAT
PROVOGE,PROVOG
MGOLD,MOTGOL
HONDAPOWER,SHRHON
MTEDUCARE,MTEDU
NBCC,NBCC
AURUS,LYPGEM
ORBTEXP,ORBEXP
SIDDHIKA,SIDCOA
892NHPC33,NHPND6
BORORENEW,BORGLA
SIEMENS,SIEMEN
JPOLYINVST,JININV
NGCT,NORCOM
SILVERLINE,SILIND
RELNIFTY,RELNIF
SIMPLEXINF,SIMINF
BAJFINANCE,BAJFI
91D100926,TQI26B
182D101226,THL26B
GILT5YBEES,NIPGIL
873NTPC28,NTPND5
891NTPC33,NTPND6
KDDL-RE,KAMRE1
364D100627,TYF27B
SIVIND,SIVIND
SREEL,SRELIM
TRUEGREEN,CILNOV
SKFINDIA,SKFIND
VMARCIND,VMAIND
GENXAI,GENANA
PINCON,PINSPI
901NHB34,NHBN07
SMDYECHEM,SMDYE
563GS2026,563D26
664GS2035,664D35
GSKCONS,GLACON
SMZSCHEM,SMZSCH
LODHA,MACDEV
BALAJHOTEL,BALHOT
JTEKTINDIA,SONKOY
ANGELONE,ANGBRO
SOUTHNHERB,SOUHER
SPECIALSTL,TATSSL
NITIRAJ,NITENG
SPIC,SPIC
SPICELEC,SPESEM
SPICFINE,HENSPI
BALAJIDIST,BALDIS
SRF,SRF
TEMBO,SAKEXI
SRIVISHCEM,SRIVIS
STARPAPER,STAPAP
DEEPINDS,DEEIN
SUASHDIMON,SUADIA
BALAJIIND,BALI
SPMLINFRA,SPMINF
SUBROS,SUBROS
MODISONLTD,MODMET
SUDARSCHEM,SUDCHE
ISGEC,ISGHEA
SULZER,SULIND
SFHL-RE,SUNRE1
SUNDARMFIN,SUNFIN
VALIANTORG,VALORG
SUNDRMFAST,SUNFAS
SUNFLAG,SUNIRO
BALKRISIND,BALIND
SUNPHARMA,SUNPHA
SUPERFORGE,SUPFOR
SUPREMEIND,SUPIND
SURYAROSNI,SURROS
BALMLAWRIE,BALLAW
SWARAJENG,SWAENG
SMLMAH,SMLISU
AGARIND,AGAIND
SWIL,SWIL
TAINWALCHM,TAICHE
ADOR,ADOWEL
TANFAC,TANIND
AJOONI,AJOBIO
TATACHEM,TATCHE
BALRAMCHIN,BALCHI
TATAELXSI,TATELX
TATAFIN,TATFIN
HONAUT,HONAUT
CAMS,COMAGE
745IGT26,INGND3
TATAMETALI,TATME
76IGT26,INGND4
TATAPOWER,TATPOW
77IGT28,INGND5
TATACONSUM,TATGLO
79IGT28,INGND6
BBOX,AGCNET
749IGT28,INGND7
769IGT28,INGND8
TECILCHEM,TECCHE
TMPV,TATMOT
795IGT31,INGND9
TELEPHNCAB,TELCAB
TEXTOOL,TEXTOO
82IGT31,INGN10
TFCILTD,TOUFIN
BANARBEADS,BANBEA
772IGT31,INGN11
THERMAX,THERMA
797IGT31,INGN12
THOMASCOOK,THOCOO
CLSEL,CHASET
TIL,TIL
TINPLATE,TINCO
PGINVIT,POWINF
TIRUMALCHM,THICHE
TATASTEEL,TATSTE
BANARISUG,BANAMA
TITAN,TITIND
MAFANG,MIRNYS
TNPETRO,TAMPET
TNTELE,TAMTEL
TOLANIBULK,TOLBUL
TORNTPHARM,TORPHA
426GS2023,426E23
AXISBPSETF,AXIAAA
TRANSPEK,TRAIN
TTKPRESTIG,TTKPRE
SGBOCT25V,SGBT12
EQUIPPP,GREFIR
BANKPUNJAB,BANPUN
ADANIGREEN,ADAGRE
NAM-INDIA,RELNIP
UCAL,UCAFUE
UNICHEMLAB,UNILAB
696TN56,STAND4
UNIFLEX,UNIFLE
MOKSH,MOKORN
ROML,RAJOIL
UNITECH,UNITEC
UNIVCABLES,UNICAB
HEALTHAXIS,AXIHEA
UNIWESTBNK,UNIWES
UPERGANGES,UPPGAN
USHAINDIA,USHIND
HEALTHIETF,ICIHEA
USHAISPAT,USHISP
JUBLPHARMA,JUBLIF
VANADYCHEM,VANDYE
VARDMNPOLY,VARPO
SOLARA,SOLACT
VESUVIUS,VESIND
BASF,BASF
VINDHYATEL,VINTEL
VIPIND,VIPIND
BATAINDIA,BATIND
VLSFINANCE,VLSFIN
VOLTAS,VOLTAS
TATACOMM,TATCOM
VSTIND,VSTIND
ANMOL,ANMIND
TALWGYM,TALLIF
INGVYSYABK,VYSBAN
WALCHANNAG,WALIND
WARRENTEA,WARTEA
BAUSCHLOMB,BAULOM
SGBMAY29I,SGBT50
SGBJUN29II,SGBT51
FINEORG,FINORG
WATERBASE,WATERB
RELIANCEP1,RELPP1
WEIZMANIND,WEIZMA
VENKEYS,VENIND
RITES,RITLIM
WHEELS,WHEIND
WILLAMAGOR,WILMAG
IWEL,INOWI
WIMPLAST,WIMPLA
WIPRO,WIPRO
WSTCSTPAPR,WESCOA
BBTC,BOMBUR
SGBJU29III,SGBT52
VINEETLAB,VINLAB
SINTERCOM,SINI
ZEEL,ZEEENT
ARIHANTCAP,ARICAP
ZODIACLOTH,ZODCLO
ZODJRDMKJ,ZODJRD
ZUARIIND,ZUAIND
BEL,BHAELE
RUPANGIMPX,RUPIMP
BHARATRAS,BHARAS
EUROSOFTAL,EURSOF
MAHLOG,MAHLO
VARROC,VARENG
CAUVERSOFT,CAUSOF
SOMANYCERA,SOMCER
BELCONTROL,BELCON
HATSUN,HATAGR
STEELTUBES,STETUB
CAPLIPOINT,CAPPOI
PREMIERPOL,PREPOL
PETRONENGG,PETENG
NATCOPHARM,NATPHA
SAITELE,SAITEL
GLOBE,GLOTEX
GITANJALI,GITGEM
RAMSARUP,RAMIN
BEML,BEML
JAKHARIA,JAKFAB
GOCLCORP,GOCCOR
REMSONSIND,REMIND
PARASPETRO,PARPET
TNPL,TAMNEW
MAKE,MARKAY
GREENPLY,GREIN
NIACL,NEWIN
21STCENMGM,TWECM
AEGISLOG,AEGLOG
CORALFINAC,CORIND
PVP,PVPVEN
NAVA,NAVBHA
BERGEPAINT,BERPAI
EIMCOELECO,EIMELE
JAYAGROGN,JAYAGR
PANACEABIO,PANBIO
ALPSINDUS,ALPLAB
CUBEXTUB,CUBTUB
MARICO,MARLIM
SQUAREDBIO,DSQBIO
AMBANIORGO,AMBORG
ADITYAINTL,ADIINT
SILINV,SILINV
HBSL,HBSTOC
SAMBHAAV,SAMMED
REGENCERAM,REGCER
SEARCHEMIN,SEACH
PARAL,PARALU
BIOFILCHEM,BIOCHE
182D100823,THH23B
KEYFINSERV,KEYCOR
BGFL,BIRGLO
NORBTEAEXP,NORTEA
TCNSBRANDS,TCNCLO
SUBCAPCITY,INTC
ZENITHEXPO,ZENEXP
SANGAMIND,SANIND
BEPL,BHAENG
SOMATEX,SOMTEX
MOTHERSON,MOTSUM
WELENTRP,WELENT
UCL,USHCOL
BHARATFORG,BHAFOR
VISAKAIND,VISIND
ZFSTEERING,ZFSTEE
WENDT,WENDT
YOKOGAWA,YOKBLU
HDFCAMC,HDFAMC
TRANSCHEM,TRANSC
DENORA,DENOR
SUMANMOTEL,SUMMOT
BHARATHOT,BHAHOT
985ECL28,ECL113
SHRIRAMFIN,SHRTRA
SNOWCEMIND,SNOIND
SHAMKNFAB,SHAMUL
SHAWGELTIN,NARGEL
KHADIM,KHAIND
PUNJABCHEM,PUNCHE
IFGLEXPOR,IFGREF
PITTIEFIN,PITFIN
NEDUNGBANK,NEDBAN
MYSORPETRO,MYSPET
SENSEXIETF,ICISEN
BHEL,BHEL
KITPLYIND,KITIND
ASIANELEC,ASIELE
FIRSTLEASE,FIRLEA
NAMTECHELE,NAMELE
KOPDRUGS,KOPDRU
GULFOILLUB,GULLUB
MIRZAINT,MIRINT
BHORIND,BHOIND
JAGSNPHARM,JAGPHA
KIRLOSINV,KIRIN
LAKSHAUTO,LAKAUT
CREDITACC,CREGRA
INDIANCARD,INDCAR
JMCPROJECT,JMCPRO
HAWKINCOOK,HAWCOO
GESTETNER,GESIND
5PAISA,5PACAP
GUJNRECOKE,GUJNRE
ELECTHERM,ELEIN
ELPROINTL,ELPINT
AARTIDRUGS,AARDRU
PHARMACIA,ABBLAB
ALKYLAMINE,ALKAMI
BOSCH-HCIL,HITHOM
MPHASIS,MPHLIM
SIGIND,SIGIND
DYNAMATECH,DYNTEC
NEXT50IETF,ICINEX
VATSMUSC,VATMUS
GUJRAFFIA,GUJRAF
LOTTEINDIA,PARCON
RUCHINFRA,RUCINF
ATLASCYCLE,ATLCYC
SOUNDCRAFT,SOUIND
VIDEOIND,VIDIN
SGBNOV25,SGBT14
RAMCOIND,RAMIND
CLARIANT,CLARIA
KOTHARIPET,KOTPET
HERITGFOOD,HERFOO
SANWARIA,SANAGR
ESCMFGROW,ESCMF
CABOTINDIA,CABIND
DENABANK,DENBAN
ELGIRUBBER,ELGTYR
AILIMITED,ABHINT
SBCL,SHIBIM
BANKBARODA,BANBAR
HDFCLIFE,HDFSTA
JSWISPL,MONISP
EIDERTELE,EIDTEL
SONACOMS,SONBLW
RELCAPITAL,RELCAP
SHYAMMETL,SHYMET
UNIPLY,UNIPLY
OSWALGREEN,OSWGRE
GAIL,GAIL
SKMEGGPROD,SKMEGG
3MINDIA,3MIND
BANKINDIA,BANIND
INDNIPPON,INDNIP
CONCOR,CONCOR
INDRAMEDCO,INDMED
FEDDERELEC,FEDLLO
DCMFINSERV,DCMFIN
LAKSHMIEFL,LAKOVE
PRATIBHA,PIL
UNITY,UNIINF
RELINFRA,RELINF
PAVCI,MATTEL
HAPPSTMNDS,HAPMIN
BIRLACORPN,BIRCOR
KCPSUGIND,KCPSUG
STINDIA,STI
AISL,ANIINT
DODLA,DODDAI
LIQUIDIETF,ICILIQ
KSERASERA,KSSLIM
SNOWMAN,SNOLOG
HOCL,HINORG
KIMS,KRIINS
INDSWFTLAB,INDLAB
ICEMAKE,ICEMAK
SAREGAMA,SAREIN
FDC,FDC
TORRENTAEC,AHMELE
NRC,NRC
ENGINERSIN,ENGIND
MADRASFERT,MADFER
HINDCON,HINCHE
ISIBARS,INDIST
KRISNAFILA,MAVIND
IPL,INDPES
92SFIL28,IBCN13
BLUEDART,BLUDAR
KOPRAN,KOPRAN
ADROITINFO,SPHGLO
GANGAFORGE,GANFO
ICICIBANK,ICIBAN
PHARMABEES,NIPPHA
KESORAMIND,KESIND
IRCON,IRCINT
SHARDACROP,SHACRO
UBENGG,UBENG
VARUN,VARIN
610GS2031,610G31
WALPAR,WALNUT
SVPGLOB,SHRDHA
CLEAN,CLESCI
GRINFRA,GRINFR
BILNCD2021,BRIND2
MEGA-RE,MEGRE1
PULZ,PULELE
SHEMAROO,SHEENT
MAZDOCK,MAZDOC
ETERNAL,ZOMLIM
KPIGREEN,KPIGLO
SGBJUL29IV,SGBT53
SGIL,SYNGRE
PCHFL,PIRND7
BOMDYEING,BOMDYE
825PCHFL24,PIRND8
85PCHFL24,PIRND9
CIGNITITEC,CHAINF
JAICORPLTD,JAICOR
85PCHFL26,PIRN10
875PCHFL26,PIRN11
BPLENGG,BPLENG
CORPBANK,CORBAN
875PCHFL31,PIRND4
9PCHFL31A,PIRND3
TATVA,TATCHI
SBIETFCON,SBICON
BONGAIREFN,BONREF
STYLAMIND,STYIND
KOVAI,KOVMED
ANTGRAPHIC,ANTART
GRAUWEIL,GRAWEI
GMDCLTD,GUJMI
ANDREWYU,ANDYUL
10IIFL28,IIFND1
96IIFL28,IIFND2
IIFLZC28C,IIFND3
ICICIB22,BHA22
BFSI,MIRFIN
MAHAPEXLTD,MAHAPE
AAREYDRUGS,AARDR
INDUSINDBK,INDBA
BPCL,BHAPET
PDSL,PDSMUL
ALIVUS,GLELIF
UTIAMC,UTIAMC
ROLEXRINGS,ROLRIN
SBBJ,STABIK
PRITIKAUTO,SHIMAC
BPL,BPL
FMCGIETF,ICIFMC
REXPIPES,REXPIP
SBT,STABTR
LLOYDFIN,LLOFIN
EXXARO,EXXTIL
PENINLAND,PENLAN
KRSNAA,KRSDIA
WINDLAS,WINBIO
DEVYANI,DEVIN
ASAHIINDIA,ASAIND
EPIGRAL,MEGF
AAVAS,AAVFIN
MOL,MEGORG
SGBNOV25IX,SGBT16
NGIL,NAKGRO
CARTRADE,CARTEC
BPLSANTECH,BPLSAN
GLOBLTRUST,GLOTRU
NUVOCO,NUVVIS
TRIGYN,TRITE
APTUS,APTVAL
BPLSANUTIL,BPLSU
CHEMPLASTS,CHESAN
SGBAUG29V,SGBT54
DUGLOBAL,DUDIGI
PARIN,PARFUR
BRITANNIA,BRIIND
GRSE,GARREA
AIMCOPEST,AIMPES
YUKEN,YUKIND
SERVOTECH,SERPOW
PENTSFWARE,PENGRA
JAIPURKURT,NANCRE
KOTHARIPRO,KOTPRO
PSIDATASYS,PSIDAT
ABMINTLLTD,ABMINT
WYETH,WYELED
SGBSEP29VI,SGBT55
667GS2035,667I35
ACUTAAS,AMIORG
VIJAYA,VIJDIA
BSL,BSL
SHREEKRPOL,KLIIND
SHREEKRPET,ESKNIT
INTLCONV,INTCON
WOOLWORTH,UNILIM
ASTRAZEN,ASTPHA
GANESHBE,GANBEN
CEMPRO,ITDCEM
PAR,PARDR
J&KBANK,JAMKAS
SHANTI,SHAOVE
BEWLTD,BEWENG
BURRWELCOM,BURWEL
ARCHIES,ARCLIM
CUB,CITUNI
SHREMINVIT,SHREIN
CMC,CMC
ASIAN-RE1,ASIRE1
FELIX,FELIND
CONSUMAXIS,AXICON
CADBURY,CADIND
CYIENT,CYILIM
SANSERA,SANEN
LIKHITHA,LIKINF
MASPTOP50,MIRS50
KIL-RE,KESRE1
RPP-RE,RPPRE1
935PEL33A,INHND7
835PCHF23,INHND8
CANFINHOME,CANHOM
82IHFL24,INHND9
866IHFL24,INHN10
875IHFL26,INHN11
925SCL26,INHN12
BANKNIFTY1,KOTBAN
889SCL26,INHN13
975SCL28,INHN14
889SCL28,INHN15
935SCL28,INHN16
850SCL25A,INHN17
LAGNAM,LAGSPI
QUADPRO,QUAITE
CAPRIHANS,CAPIND
SQRDSFWARE,DSQSOF
AGREVOIND,AGREVO
CIBASPEC,HINCIB
AXISBANK,AXIBAN
PARAS,PARDEF
GRAPHITE,CAREVE
INTELLECT,INTDES
MONTECARLO,MONCAR
UWCSL,ULTWIR
SOUTHBANK,SOUBAN
CARBORUNIV,CARUNI
AIRTEL-RE,BHARE1
BHARATIDIL,BHADEF
BSLSENETFG,BIRSEN
VARUNSHIP,VARSHI
SGBOCT26,SGBT23
CARRIERAIR,CARAIR
TATAVASHIS,VASDET
COASTCORP,COATRA
JAINAM,JAIFER
EVERESTIND,ETEEVE
ABSLAMC,ADIAMC
865IRFC29,INDN10
CCI,CABCOR
EIFFL,EUROIN
PASUPTAC,PASACR
BMETRICS,BOMMET
CYBERTECH,CYBTEC
BESTCROMP,BESCRO
LICNETFGSC,LICGSC
ATGL,ADAGAS
AIROLAM,AIRLAM
DYNAMIC,DYNSER
DESTINY,DESLOG
GOODLUCK,GOOLUC
364D131022,TYJ22B
DIGJAMLMTD,DIGLIM
PANSARI,PANDEV
ARTNIRMAN,ARTNIR
CENTAKCHEM,CENCHE
BHAGCHEM,BHAC
STERTOOLS,STETOO
85IIFL24,IIFL28
CENTENKA,CENENK
IIFLZC24,IIFL29
842IIFL26,IIFL30
FCL,FINCHE
875IIFL26,IIFL31
IIFLZC26,IIFL32
CAMLINFINE,CAMFIN
364D201022,TYJ22C
SIKKO,SIKIND
DTIL,DHUTE
MILTONPLAS,MILPLA
SGBDEC25,SGBT17
3IINFOLTD,3IINFO
PREMIER,PREAU
DKEGL,DKENTE
ABREL,CENTEX
INVIGO,ESCFIN
SELMC,SELMAN
NAHARINTL,NAHINT
MEDICAMEQ,MEDBIO
CESC,CESC
GULPOLY,GULPOL
KILPP,KESPP1
HEALTHY,ADIHEA
APOLSINHOT,APOSI
MAARSOFTW,MAASOF
IDBIBANK,IDBBAN
IGARASHI,IGAMOT
NIFTYETF,MIRETF
SGBNOV26,SGBT24
SRGINFOTEC,PANCOR
NATIONALUM,NATALU
364D271022,TYJ22D
CHAMBLFERT,CHAFER
THIRUSUGAR,THIARO
CCHHL,COUCLU
TUTICORALK,TUTALK
LAMBODHARA,LAMTEX
DNAMEDIA,DILMED
KRITI,KRIIND
MANORG,MANORG
AIRTELPP,BHAPP1
TECHNOE,TECEEC
CONSUMIETF,ICICON
SHUBHLAXMI,SHUJEW
TECH,ADINIT
TULSI,TULEXT
364D021122,TYK22A
IRIS,IRIBUS
ORIENTINFO,ORIINF
SGBNV29VII,SGBT56
CHAMPDANY,CHAIN
VLIFE-RE1,VIKRE1
NHIT,NATHIG
GRPLTD,GRPLTD
NYKAA,FSNECO
LAXMICOT,LAXCOT
PAEL,PREAUT
364D101122,TYK22B
FINOPB,FINPA
NIDAN,NIDLAB
SONATSOFTW,SONSOF
GENUSPAPER,GENPAP
EQUAL50ADD,DSPEQU
NXTDIG-RE,NXTRE1
SJS,SJSENT
94IFCI25,IFCN15
VXLINSTR,VXLINS
IFCIZC25,IFCN16
POLICYBZR,PBFINT
SIGACHI,SIGIN
CHESLINTEX,CHETEX
INFARINDIA,INFAR
FOODSIN,FOOINN
PENTACOMMU,PENCOM
DRSDILIP,DRSDIL
RAMAPETRO,RAMPET
574GS2026,574K26
PAYTM,ONE97
IVC,ILFVEN
MOLDTKPAC,MOLPAC
SAPPHIRE,SAPFOO
JINDALSTEL,JINSP
364D171122,TYK22C
EXIDEIND,EXIIND
BRABOURNE,SEARLE
RUSHILPP,RUSPP1
NIPPOBATRY,INDNAT
BGEAR-RE,BHGRE1
SBC,SBCEXP
CRESTANI,CRECOM
STEELCAS,STECAS
BIRLACABLE,BIRERI
695GS2061,695L61
LATENTVIEW,LATVIE
IHCL-RE,INHRE1
795GS2032,795H32
ATCOM,ATCIND
FOCUS,FOCLIG
SMLT,SARME
GREENLAM,GREEIN
ONIDA,MIRELE
DHRUV,DHRCON
BAJAJHCARE,BAJHEA
74GS2035,740I35
824GS2027,824B27
VISHNU,VISCHE
RPPL,RAJP
TITAGRSTEL,TITIN
364D241122,TYK22D
CIPLA,CIPLA
TARSONS,TARPR
GANECOS,GANECO
LINC,LINPEN
456GS2023,456K23
GOCOLORS,GOFASH
NETVISTAIT,NETINF
E-SERVEINT,CITSEC
MENONBE,MENBEA
DMCC,DHAMOR
ICDSLTD,ICDS
BSOFT,KPITEC
AARTIIND,AARIND
CITURGIBIO,CITBIO
364D011222,TYL22A
VECO-RE1,VIERE1
POLARIS,POLCON
HEMIPROP,HEMPRO
883GS2041,883L41
SHIVALIK,SHIRAS
DICIND,DICIND
ASIANENE,ASIOIL
MARALOVER,MAROVE
HESTERBIO,HESPHA
ACCELYA,ACCKAL
MADURACOAT,MADCOA
364D081222,TYL22B
MAHKTECH,MIRTEC
SHRADHA,SHRAIN
STARHEALTH,STAHEA
COCHINREFN,COCREF
SEJALLTD,SEZGLA
SGBD29VIII,SGBT57
VLIFEPP,VIKPP1
TEGA,TEGIND
824GS2033,824K33
JMA,JULMOT
817GS2044,817L44
772GS2055,772J55
ZODIAC,ZODENE
759GS2026,759A26
SHALBY,SHALIM
ANANDRATHI,ANARAT
SUDARCOLOR,CLACHE
AFTEK,AFTINF
GLODYNE,GLOTEC
INDUSFILA,INDFIL
VXL,VXLIN
684GS2022,684L22
364D151222,TYL22C
MICEL,MICELE
RATEGAIN,RATTRA
SYNDIBANK,SYNBN
NUCHEM,NUCHEM
BBETF0432,BHABO5
SHRIRAMPPS,SHRPRO
717GS2028,717A28
JETFREIGHT,JETFRE
737GS2023,737D23
SBIETFQLTY,SBIQUA
SBIETFPB,SBIEPB
MAPMYINDIA,CEINFO
HCLTECH,HCLTEC
TATACOFFEE,TATCO
JCT,JCTIND
METROBRAND,METBRA
EUPHARMLAB,EUPLAB
LYKALABS,LYKLAB
MEDPLUS,MEDHEA
CONTNLCONS,CONCON
UDAICEMENT,UDACEM
JTLIND,JTLINF
INDIANORG,INDORG
SGBDEC25XI,SGBT18
RSWM,RAJSPI
ASSAMCO,ASSCOM
DCM,DCM
DCMSRIND,DCMSI
ABSLNN50ET,BIRNEX
SETFNN50,SBIN50
WELLWININD,WELIN
DATAPATTNS,DATPAT
COREPARENT,CORHEA
SETFNIFBK,SBIBAN
STAR,STRSHA
HPAL,HPADHE
849NTPC25,NTPND7
FOCE,FOCIN
COROMANDEL,CORINT
SUPRIYA,SUPLIF
SBIETFIT,SBIEIT
GLENMARK,GLEPHA
NILASPACES,NILSPA
ALPHA,KOTN50
MANAKCOAT,MANCOA
COSMOFIRST,COSFIL
MANAKALUCO,MANAL
MONQ50,MOTQ50
HECPROJECT,HECINF
ZENITHINFO,ZENINF
NIFTYADD,DSPN50
MIDQ50ADD,DSP150
HAVISHA,SHRSH
MANAKSTEEL,MANSTE
HEXAGON,HEXNUT
VAML,VEDALU
VISL,VEDIRS
VOGL,VEDOIL
VEDPOWER,VEDPOW
WOCKPHARMA,WOCKHA
ZENTEC,ZENTEC
RELTD-RE,RAVRE1
UTKAL,UTKSPE
QMSMEDI,QMSMED
SMALLGROWW,GRS250
TREJHARA,TRESOL
LCCINFOTEC,LCCINF
91D170926,TQI26C
182D171226,THL26C
364D170627,TYF27C
SUMEET-RE,SUMRE1
SMALLIETF,ICI250
CLAYCRAFT,CLACRA
AVIENCE,AVIBIO
AMFORGEIND,AMFIND
NRBBEARING,NRBBEA
91D240926,TQI26D
182D241226,THL26D
GONTERPEIP,GONPEI
364D240627,TYF27D
91D110725,TQG25B
182D101025,THJ25B
364D100426,TYD26B
FUSI-RE,FUSRE1
BTML-RE1,BODRE1
EVIETF,ICPREV
91D170725,TQG25C
182D161025,THJ25C
364D160426,TYD26C
81ABCL33,ADIND9
10UCL26,UGRN24
1039UCL26,UGRN25
1015UCL27,UGRN26
1025UCL27A,UGRN27
1050UCL28,UGRN28
690GS2065,INDBON
CIFL,BHITEX
TINNARUBR,TINOVE
WAAREERTL,SANADV
91D240725,TQG25D
182D231025,THJ25D
364D240426,TYD26D
950ISF27A,IIFN30
GROWWMOM50,GRNI50
TURTLEMINT,TURFIN
ABIN-RE1,ABIRE1
9IIFL26,IIFL49
IIFL210425,IIFL50
930IIFL27,IIFL51
IIFL21425,IIFL52
935IIFL28,IIFL53
91D030725,TQG25A
182D021025,THJ25A
364D020426,TYD26A
SILVER360,THRONE
NPST,NETPEO
TANKUP,TANENG
UNITEDPOLY,UNIPOL
ATCENERGY,ATCENE
SHRIAHIMSA,SHRAHI
91D010825,TQH25A
182D311025,THJ25E
364D010526,TYE26A
KRISHIVAL,EMPCAS
ETHOS-RE,ETHRE1
91D180925,TQI25C
182D181225,THL25C
364D180626,TYF26C
OSWALPUMPS,OSWPUM
91D210825,TQH25D
182D201125,THK25C
364D210526,TYE26D
717TCHFL30,TCLN39
GROWWSLVR,GROSIL
FUSIONPP,FUSPP1
ABLBL,ADILIF
SAMAY,SAMPRO
91D070825,TQH25B
182D061125,THK25A
364D070526,TYE26B
ENRIN,SIEENE
633GS2035,633E35
MAXIND-RE,MAXRE1
ARUNAYA,ARUORG
IVRCLINFRA,IVRINF
MON50EQUAL,MOTN50
PRIMO,PUNALK
SOLARAPP1,SOLPP1
M&MFIN-RE1,MAHRE2
MONOLITH,MOLIND
PATILAUTOM,PATAUT
ACCENT-RE,ACCRE1
CRISIL,CRISIL
MAHLIFE-RE,MLIRE1
THELEELA,SCHBAN
ACCPL,ACCPHA
DOLLEX-RE,DOLRE1
MOINFRA,MOTBNF
91D280825,TQH25E
182D271125,THK25D
364D280526,TYE26E
RAJOOENG,RAJENG
VGINFOTECH,VIRGAL
AONENIFTY,AONI50
MOMGF,MOTINM
BELRISE,BELLIM
DCCL,DARCRE
91D140825,TQH25C
182D131125,THK25B
364D140526,TYE26C
LLOYDS-RE1,LLORE1
AVANTEL-RE,AVARE1
EQUAL50,MIRE50
MONEXT50,MOTOS5
930APMD32,ANDN25
930APMD33,ANDN30
930APMD34,ANDN26
930APMD35,ANDN24
930APMD27,ANDN22
930APMD28,ANDN27
930APMD29,ANDN23
930APMD30,ANDN29
930APMD31,ANDN28
BEARD-RE,BEARE1
AEGISVOPAK,AEGVOP
SEPC-RE3,SEPRE1
JTEKT-RE,SOKRE1
91D040925,TQI25A
182D041225,THL25A
364D040626,TYF26A
LLOYDSENPP,LLOPP1
SACHEEROME,SACLIM
1025VCCL28,VEDCR4
875SCL27A,SAMC62
UGRO-RE,UGRRE1
MOPSE,MOTNIP
MOTOUR,MOTTOU
91D110925,TQI25B
182D111225,THL25B
364D110626,TYF26B
SNXT30BEES,NIPB30
9SCL27,SAMC63
842SCL27,SAMC64
865SCL27,SAMC65
SCL1825,SAMC66
SCL01825,SAMC67
9SCL28,SAMC68
925SCL2028,SAMC69
865SCL28,SAMC70
888SCL28,SAMC71
SCL010825,SAMC72
SCL0182025,SAMC73
965SCL30,SAMC74
902SCL30,SAMC75
925SCL30,SAMC76
902SCL2030,SAMC77
925SCL30A,SAMC78
960SCL32,SAMC79
985SCL32,SAMC80
920SCL32,SAMC81
945SCL32,SAMC82
SCODATUBES,SCOTUB
NRVANDANA,NRVIND
NEPTUNE,NEPPET
995SCL2035,SAMC83
930SCL35,SAMC84
955SCL35,SAMC85
ASTEC-RE,ASLRE1
DIGITIDE,DIGSOL
BLUSPRING,BLUENT
GANGABATH,GANBAT
MIRC-RE,MIERE1
GVPTECH-RE,FOURE1
TRAVELFOOD,TRVFOO
91D250925,TQI25D
182D251225,THL25D
364D250626,TYF26D
AAKAAR,AAKMED
SAFEENTP,SAFENT
MAYASHEEL,MAYVEN
CAPTRU-RE,CATRE1
INFLUX,INFHEA
ARIS,ARISOL
SMARTEN,SMAPOW
GATECH-RE1,STARE1
IWARE,IWASUP
ATHERENERG,ATHENE
91D091025,TQJ25B
FISCHER,FISINO
WHITEFORCE,HAPSQU
MOALPHA50,MOTA50
182D080126,THA26B
364D090726,TYG26B
SILKY,SILOVE
PUSHPA,PUSJEW
CEDAAR,CEDTEX
VALIANT-RE,VAIRE1
SAVY,SAVINF
950ISF27C,IIFN27
91D231025,TQJ25D
182D220126,THA26D
364D230726,TYG26D
115VCCL27,VEDCR8
LIQGRWBEES,NIPL1D
91D021025,TQJ25A
182D010126,THA26A
364D020726,TYG26A
591GS2028,591F28
PICCADIL,PICAGR
SUNTECH,SUNINF
SAMBHV,SAMTUB
HDBFS,HDBFIN
RTL,RAMTEL
TOP15IETF,ICIP15
MAHLOG-RE,MAORE1
MOGOLD,MOTGTF
BRIGHOTEL,BRIHOT
INFIBE-RE,INFRE1
IGCL,INDCRO
PROFX,PROTEC
MMEL,MOVMED
GROWWNET,GROINT
MOMIDMTM,MOT150
BASML-RE1,BANRE1
RMDRIP,RMDRI
91PFL30,PIRN23
INDIQUBE,INDSPA
CRIZAC,CRILIM
TSC,TSCIND
EBGNG,GNGELE
SPUNWEB,SPUNON
895AEL27,ADAN17
AEL17725,ADAN18
885AEL28,ADAN19
915AEL28,ADAN20
AEL170725,ADAN21
9AEL30,ADAN22
930AEL30,ADAN23
AEL170725A,ADAN24
ANTHEM,ANTBIO
975ISF28,IIFN26
111ESFB31,ESAND3
INTEGRITY,INTINF
SPAND-RE,SPNRE1
91D161025,TQJ25C
182D150126,THA26C
364D160726,TYG26C
BORANA,BORWEA
BELLACASA,BELCAS
QUALITY30,KOTNF2
TTL-RE,TTRE1
SMARTWORKS,SMACOW
91D301025,TQJ25E
182D290126,THA26E
364D300726,TYG26E
SELLOWRAP,SELIND
601GS2030,601G30
KILITC-RE,KILRE1
CHEMBONDCH,CHEC
628GS2032,628G32
SHANTIGOLD,SHAGOL
JSLL,JEESIK
AARADHYA,AARDIS
PRAXIS-RE2,PRARE1
INOXWI-RE,INORE1
GVPTECHPP,FOUPP1
LOTUSDEV,SRIDEV
MBEL,MBENGL
CUDML,CASDRI
RNPL,RENPOL
GROWWPOWER,GROBPO
PROSTARM,PROINF
NIKITA,NIKPAP
BLUEWATER,BLUWAT
91D061125,TQK25A
182D050226,THB26A
364D060826,TYH26A
FLYSBS,FLYAVI
PARTH,PARELE
JYOTIGLOBL,JYOGLO
BHADORA,BHDIND
GROWWLOVOL,GROV50
JAINIK,JAICAB
EEPL,EPPENG
91D131125,TQK25B
182D120226,THB26B
364D130826,TYH26B
CYBER-RE,CYBRE1
SSFLPP,SPNPP1
MEDISTEP,MEIHEA
AMCL,ANBMET
KRT,KNORET
DAVAN-RE1,DAVRE1
SAWALIYA,SAFPRO
ALLTIME,ALLTIM
CONNPLEX,CONCIN
MOSILVER,MOTSIL
JSWCEMENT,JSWCEM
SBILIQETF,SBIN1G
LLOYDSE-RE,SHGRE1
STUDIOLSD,STULSD
RAYMONDREL,RAYREA
KALPATARU,KALLIM
ELLEN,ELLIND
SHKSIL,SHRSPO
GLOBECIVIL,GLOCIV
91D201125,TQK25C
182D190226,THB26C
364D200826,TYH26C
ETL,EMKTOO
INTERNET,MIRNET
TVSINVIT,TVSINV
SEPCPP,SEPPP1
EXICOM-RE,EXIRE1
MANUFGBEES,NIPMFG
ARCIIL,ARCINS
724GS2055,724H55
EFCIL,AMATRA
REGAAL,REGRES
MRIL,MAHREA
GROWWNIFTY,GRON50
ARFIN,ARFIND
LTGILTCASE,ZERGSE
91D281125,TQK25D
182D270226,THB26D
364D280826,TYH26D
1025PATE28,PATND1
CLASSICEIL,CLASEL
ANONDITA,ANOMED
SHIVASHRIT,SHIFOO
MEIL,MANELE
CYBERPP,CYBPP1
LLOYDPP,SHGPP1
91D230126,TQA26D
182D240426,THD26D
364D231026,TYJ26D
DELPH-RE,WEIRE1
GENSOL,GENENG
SGFIN,MOOSEC
CPPLUS,ADIINF
LAXMIINDIA,LAXIND
KAYTEX,KAYFAB
91D111225,TQL25B
182D120326,THC26B
364D100926,TYI26B
SGMART,JARTEX
QMSMEDI-RE,QMSRE1
OPTIVALUE,OPTTEK
AONEGOLD,ANGGOL
VIGOR,VIGPLA
AMANTA,AMAHEA
GSM-RE,GSMRE1
91D041225,TQL25A
182D050326,THC26A
364D030926,TYI26A
CPEDU,CAREDU
SNEHAA,SNEORG
ELM250,EDENLM
SML100CASE,ZERNSM
SATTVAENGG,SATENI
CURRENT,CURINF
AHCL,ANLHEA
VIKRAN,VIKENL
STLNETWORK,STLNET
RNBDENIMS,RBDEN
GCSL,GRECO
1075WCAP28,WCAPL2
ATLANTAELE,ATLELE
GANESHCP,GANCON
91D251225,TQL25D
IVALUE,IVAINF
182D260326,THC26D
364D240926,TYI26D
GKENERGY,GKENEL
SIDDHICOTS,SIDCOT
SAATVIKGL,SAAGRE
RHETAN,RHETMT
PRIMECAB,PRICAB
DEVX,DEVACC
URBANCO,URBCOM
GML,GALMED
SHRINGARMS,SHRHOU
12AFIL27A,AKMFI2
965ISF28,IIFL58
HILINFRA,HIGINF
SHRADHA-RE,SINRE1
ABCOTS,ABCOT
NDTV-RE,NDTRE1
TECHD,TECCYB
VMSTMT,VMSTMT
JAYESH,JAYLOG
MWL,MANWOR
TIGERLOGS,TIGLOG
91D181225,TQL25C
182D190326,THC26C
364D170926,TYI26C
AGSTRA,AGSTRA
DHARAN,KARCON
JKIPL,JININD
TRUALT,TRUBIO
1075WCA28,WCAPL1
CAPTRU-RE1,CATRE2
FINKURVE,FINFIN
JAINREC,JAIRES
EPACKPEB,EPAPRE
BMWVENTLTD,BMWVEN
GURUNANAK,GURAGR
TATACAP,TATCAP
12AFIL28,AKMFI3
BLUESTONE,BLUJEW
113ESFB31,ESAS02
NIFTYCASE,ZERN50
CRAMC,CANROB
RUBICON,RUBRES
91D020126,TQA26A
182D030426,THD26A
364D021026,TYJ26A
PACEDIGITK,PACDIG
MPEL,MANPOL
SYSTMTXC,SYSCOR
ANANTAM,ANAHIG
FLEXIADD,DSPNIF
MONIFTY100,MON100
MOENERGY,MOTENE
91D150126,TQA26C
182D160426,THD26C
MONEYBOXX,DHACOM
648GS2035,648J35
SOLEX,SOLENE
ADVANCE,ADVAGR
SHEEL,SHEBIO
OMFREIGHT,OMFREI
MUNISH,MUFORG
BAGDIGITAL,BAGCON
GREENLEAF,GREENV
GROWWRLTY,GROREA
91D080126,TQA26B
182D090426,THD26B
364D081026,TYJ26B
WEWORK,WEWIND
PATELRMART,PATRET
12AFIL27,AKMFI1
SHREEJISPG,SHRSHP
VIKRAMSOLR,VIKSOL
GROWWNXT50,GROW50
GEMAROMA,GEMARO
ELIQUID,EDENIL
364D151026,TYJ26C
CANHLIFE,CANHSB
MOMENTUM30,KOT200
91D290126,TQA26E
182D300426,THD26E
364D291026,TYJ26E
IEML-RE,IEMRE1
MIDWESTLTD,MIDLTD
GROWWSC250,GRO250
PIRAMALFIN,PIRFIN
905PFL26,PIRN19
920PFL28,PIRN20
935PFL33,PIRN21
ORKLAINDIA,ORLIND
ROCK-RE,ROCRE1
STUDDS,STUACC
91D060226,TQB26A
182D080526,THE26A
SHIVAM-RE,SHIRE1
364D061126,TYK26A
LENSKART,LENSOL
CHOICEGOLD,CHOGOL
SARVES-RE,SAERE1
ATL-RE,ALTRE1
GROWWMC150,GROM15
PWL,PHYLIM
EMMVEE,EMMPHO
SHIVAUM,SHIAUM
MODIS,MODNAV
TAURIAN,TAUMPS
ADVENTHTL,ADHOIN
FINBUD,FIBFIN
ENERGY,MIRENE
TMCV,TATCOV
765TMCV27,TATCO1
12DCCL27,DARCR1
EUROPRATIK,EURPRA
SHETHJI,SHREGL
GROWW,BILGAR
765TMCV28,TATCO2
SMALL250,MIRSML
PINELABS,PINLAB
CURIS,CURLIF
91D120226,TQB26B
182D140526,THE26B
364D121126,TYK26B
BETA,BETDRU
SHILCTECH,SHIELE
91D180226,TQB26C
182D200526,THE26C
364D181126,TYK26C
CAPILLARY,CAPTEH
UTLSOLAR,FUJPOW
TENNIND,TENCLE
CHEMICAL,KOTCHE
MOIPO,MOTIPO
1225IFL27,IFLF01
INDO-RE2,INDRE2
COOLCAP-RE,COORE1
SOLARWORLD,SOENER
STYL,SESTEC
MGSL,MATGEO
JARO,JARINS
ARSSBL,ANRASH
ECOLINE,ECOEXI
PAUSHAKLTD,PAUSHA
888ECL28,ECLN94
925ECL28,ECLN95
MSCIADD,DSPMSC
KSR,KSRFOO
AONETMMQ50,ANGTMM
ESENSEX,EDEBSX
ENIFTY,EDEN50
CGPOWER,CROGRE
MOSERVICE,MOTNSS
745ISL28,ICISL1
EXCELSOFT,EXCTEC
91D260226,TQB26D
182D280526,THE26D
364D261126,TYK26D
ROCKPP,ROCPP1
SUDEEPPHRM,SUPHLT
115VCCL28,VEDCR7
GROWWCAPM,GRONCM
MOMNC,MOTMNC
JAYKAY,JKSYN
91D050326,TQC26A
182D040626,THF26A
364D031226,TYL26A
SKFINDUS,SKFINI
3IINFO-RE,3IIRE1
SUBAHOTELS,SUBHOT
GLOTTIS,GLOLTD
VIJAYPD,VIJCEU
FABTECH,FATELI
SPEB,SPEADH
INVICTA,INVDIA
CSSL,CLESER
SICAL-RE,SICRE1
91D280526,TQE26D
182D270826,THH26D
364D250227,TYB27D
SADHNA-RE,SADRE1
MANILAM,MANINU
GAUDIUMIVF,GAUIVF
CLEANMAX,CLEMAX
SRTL,SHERAM
AONESILVER,ANGSIL
MOBILISE,MOBAPP
SHRIKANHA,SHRKAN
MARKOLINES,MARTRA
LGEINDIA,LGELEC
8SMC29,SURM02
8SMC30,SURM03
VIDYAWIRES,VIDWIR
MEESHO,MEESHO
AEQUS,AEQLIM
PNGSREVA,PNGREV
ABSL10BANK,ADIB10
CORONA,CORREM
WAKEFIT,WAKINN
NACL-RE,NACRE1
MODINATUR,MODNAT
91D120326,TQC26B
182D110626,THF26B
364D101226,TYL26B
CMSINFO,CMSIN
LEMERITE,LEMER
PATELEG-RE,PARE2
HCC-RE1,HINRE2
ENCOMPAS,ENCDES
GOLDBND,BANGOL
SILVERBND,BANSIL
FWSTC,FLYSIM
NEPHROPLUS,NEPHEA
PARKHOSPS,PARMED
MIDCAPADD,DSPNMC
SMALLADD,DSPNSC
915APSBC26,ANDN39
915APSBC27,ANDN33
915APSBC28,ANDN36
915APSBC29,ANDN35
915APSBC30,ANDN37
915APSBC31,ANDN34
915APSBC33,ANDN38
915APSBC34,ANDN31
915APSBC35,ANDN32
91D190326,TQC26C
182D180626,THF26C
364D171226,TYL26C
RUDRA,MDIND
ICICIAMC,ICIAMC
DIVIDEND,MIRBSE
TOP20,MIRT20
ASHWINI,ASHWIN
EXIMROUTES,EXIROU
KSHINTL,KSHINT
GROWWMETAL,GROMET
KRISHFL-RE,EMPRE1
115VCCL28A,VEDCR3
MARC,MATECH
RAJESHEXPO,RAJEXP
DIL,DEBSAL
TWCGOLDETF,TWCGOL
DHARARAIL,DHARAI
VINEET-RE,VILRE1
91D270326,TQC26D
182D260626,THF26D
364D251226,TYL26D
E2ERAIL,ETOETR
91D090426,TQD26A
182D090726,THG26A
364D070127,TYA27A
BUILDPRO,SHAPRO
NEXT50ADD,DSPNEX
603GS2029,603A29
668GS2033,668A33
KRMAYURVED,KRMAYU
743GS2076,743A76
1225IFL28,IIFL70
ADVAIT,ADVINF
GROWWCHEM,GRONCH
SILGO-RE1,SILRE1
KRISHPP,EMPPP1
VICTORYEV,VICELE
ADANI-RE,ADARE1
BAIDFIN-RE,BAIRE1
NEXT50ETF,KOTNEX
91D170426,TQD26B
182D170726,THG26B
364D150127,TYA27B
HALDER,HALVEN
BHARATCOAL,BHACOK
AVANA,AVAELE
AMAGI,AMAMED
ARMOUR,ARMSEC
91D300426,TQD26D
182D300726,THG26D
364D280127,TYA27D
91D230426,TQD26C
182D230726,THG26C
364D210127,TYA27C
91D070526,TQE26A
182D060826,THH26A
364D040227,TYB27A
685PFCL31,PFCN58
690PFCL31,PFCN59
7PFCL31,PFCN60
7PFCL36,PFCN61
710PFCL36,PFCN62
720PFCL36,PFCN63
PFCL36,PFCN64
PFCL36A,PFCN65
PFCL36B,PFCN66
705PFCL41,PFCN67
720PFCL41,PFCN68
730PFCL41,PFCN69
975BNAL28,BNAGR1
PFCL41,PFCN70
PFCL41A,PFCN71
CKKRETAIL,CKKRET
OMNI,OMNENG
YAAP,YAPDIG
GROWWHOSPI,GROBHO
91D040626,TQF26A
182D030926,THI26A
364D040327,TYC27A
BHANDA-RE2,BHHRE1
DSFCL,DCMCHE
DCMSIL,DCMINT
KNAGRI,KNAGR
NEOCHEM,NEOSOL
182D130826,THH26B
364D110227,TYB27B
BIOPOL,BIOCEM
KWIL,KWAWAL
ADANIENPP,ADAPP1
ATLPP,ALTPP1
FRACTAL,FRAANA
GJL,GROJEW
BRANDMAN,BRRELT
GROWWPSE,GROPSE
AYE,AYEFIN
HEALTHCARE,MIRHEA
925ISF29,IIFN28
DURLAX-RE,DURRE1
VIVO,VIVCOL
636GS2031,636B31
GICL,GLOINT
INFRA,MIRINF
SILGOPP,SILPP1
CEINSYS,ADCINF
MARUSHIKA,MARUTE
DEFENCE,MIRDEF
91D220526,TQE26C
182D210826,THH26C
364D190227,TYB27C
BONLON,BONIN
STALL-RE,STLRE1
ABSLMSCIN,ADIMSC
HILTON-RE2,HILRE1
805NMC29,NASND2
805NMC30,NASND3
805NMC31,NASND4
805NMC32,NASND5
805NMC33,NASND6
805NMC34,NASND7
805NMC35,NASND8
805NMC36,NASND9
STRIDERS,STRIMP
SBIMIDMOM,SBIMID
DHARI-RE,DHCRE1
INA,INSENE
KRISHNAENG,KRIENG
OLIL-RE,ONLRE1
ACETEC,ACECOM
837IIFL28,IIFL60
852IIFL29,IIFL61
865IIFL31,IIFL62
870IIFL28,IIFL63
885IIFL29,IIFL64
9IIFL31,IIFL65
IIFL060326,IIFL66
IIFL60326,IIFL67
IIFL06326,IIFL68
TVSMNCRPS,TVSPRF
HCG-RE,HEGRE1
VITAL,VITCH
SEDEMAC,SEDMEC
KRISHNADEF,KRIDEF
GKSL,GUJSUP
SOCL,SUNOIL
925ISF28,IIFN29
SHYAMDHANI,SHYDHA
EPWINDIA,EPWIND
ALGOQUANT,HINEVE
JFL-RE,JFLRE1
AEPL,ARTELE
KOTYARK,KOTIN
860AEL28,ADAN26
AEL12126,ADAN27
848AEL29,ADAN28
875AEL29,ADAN29
AEL120126,ADAN30
862AEL31,ADAN31
890AEL31,ADAN32
AEL1212026,ADAN33
BANK10ADD,DSPB10
91D110626,TQF26B
182D100926,THI26B
364D110327,TYC27B
MARSONS,MARSON
SPCON,SRIPRA
SINGERIND,SININ
APSISAERO,APSAER
RSL,RAJSTA
1165ESFB32,ESAND4
SHADOWFAX,SHATEC
91D190626,TQF26C
182D180926,THI26C
364D190327,TYC27C
PRABHA-RE,PRNRE1
BCPL,BCPRAI
5PAISA-RE,5PARE1
HSBCGOLD,HSBGOL
VALUE,MIRVAL
GROWWPSUBK,GROPSU
INNOVISION,INNOVI
CMPDI,CENMIN
TIL-RE1,TIRE1
115VCCL31,VEDND3
SKUMARSYNF,SKUMAR
MAHAPE-RE,MRARE1
SUNREST-RE,SULRE1
AEROPLANE,AMICHA
SAIPARENT,SAIPAR
POWERICA,POWLIM
91D090726,TQG26A
182D081026,THJ26A
364D080427,TYD27A
SAHLIBHFI,SHAFIN
MOBANK10,MOTBAN
VALUEIND,VIDAPP
NIMBSPROJ,NCJINT
SBINMID150,SBI150
FALTECH-RE,FALRE1
VIVIDEL,VIVELE
TCC,AASTRA
AARNAV,KAYSEC
VOEPL,VIROPT
WINSOMEDJ,WINDIA
SHREEDHAR,SHSPLT
CORDELIA,WATLEI
RAMBHAJO,ADVJEW
GSPCROP,GSPCRO
RIIT,RAAINF
PRABHAPP1,PRAPP1
RMC,RMCSWI
TILPP,TIDPP1
91D160726,TQG26B
182D151026,THJ26B
364D150427,TYD27B
OMPOWER,OMPOW
3BBLACKBIO,KILIND
ABANSENT,MATSMR
ABMKNO,ABMKNO
ACSTECH,LNPOLY
AKCAPIT,AKCAPI
AMBALALSA,AMBSAR
ASHIKAG,ASHCRE
ASTAR,ASISTA
AVAILFC,FLAFI
BAJAJST,BAJSTE
BATLIBOI,BATLIB
BEEKAY,BEESTE
BENGALASM,BENASM
BI,BILLI
BIMETAL,BIMBEA
BIRLAPREC,BIRKEN
BLACKROSE,BLAROS
BLIL,BALINV
BNAGROCHEM,ARITOU
BNALTD,BAPLAN
BTTL,BHITEC
COCKERILL,CMIFPE
COMFINTE,COMFIN
DAICHI,DAIICH
DECNGOLD,DECGOL
DISAQ,DISIND
DRAGARWQ,DRAGAR
ELANTAS,ELABEC
ELCIDIN,ELDINV
ELITECON,KASJAI
EMPOWER,HARIND
FEDDERSHOL,IMCAP
FERMENTA,DUPINT
FRONTSP,FROSPR
GNRL,GUJNAT
GRANDOAK,DHOIND
SHREERAMA,SHRR
GRAVISSHO,GLHOTE
HALDYNGL,HALGLA
HBESD,HBEST
INDPRUD,INDPRU
INVPRECQ,INVPRE
IWP,INDWOO
KAMAHOLD,KAMHOL
KANCHI,KANKAR
KIRANVYPAR,KIRVYA
KLBRENG-B,KILENG
KOTIC,KOTIND
KPL,KWAPHA
LAHOTIOV,LAHOVE
MADHAVIPL,MADINF
MAFATIND,MAFIND
MAJESAUT,MAJAUT
MCCHRLS-B,MACCHA
MENNPIS,MENPIS
MERCANTILE,MERVEN
METROGLOBL,METLIM
MMWL,MEDMAT
NATIONSTD,NSDUNC
NEAGI,NEEAGR
NILE,NILE
NITTAGELA,NITGEL
PIONRINV,PIOINV
PML,PAUMER
PRADPME,PRAMET
PRAVEG,SWOSHI
PREMCO,PREGLO
QUINT,GAUMER
RAJPALAYAM,RAJMIL
RRIL,SRKIND
RSDFIN,RSDFIN
SAPPL,SHRAJI
SAYAJIHOTL,SAYHOT
SCANSTL,SCASTE
SEIL,SHAEDU
SHARDUL,SHRSEC
SHBAJRG,SHRBAJ
SHINDL,SHAI
SHRIKRISH,ELEFIN
SIKA,SIKINT
SONAL,SONMER
SURYALA,SURSP
TAALTECH,TAAENT
TAMBOLIIN,TAMCAP
TECHNVISN,TECVEN
THACKER,THACKE
THAKDEV,THADEV
TIMEX,TIMGRO
ULTRAMAR,ULTPIG
VELJAN,VELDEN
WELSPLSOL,REMMET
WPIL,WPIL
ZSARACOM,SARACO
91D230726,TQG26C
182D221026,THJ26C
364D220427,TYD27C
CITIUSINVT,CITTRA
ADISOFT,ADITEC
91D300726,TQG26D
182D291026,THJ26D
364D290427,TYD27D
AMBAAUTO,AMBAUT
91D060826,TQH26A
182D051126,THK26A
364D060527,TYE27A
808CIFCL29,CHON46
KISSHT,ONTECH
GRADIENTE,GRAINF
VALUE360,VAL360
694GS2036,694E36
EFCIL-RE,EFCRE1
BAGMANE,BAGPRI
91D130826,TQH26B
182D121126,THK26B
364D130527,TYE27B
SIMCA,SIMADV
RFBL,RFBFLE
FMCGADD,DSPFMC
NFPSAMPOOR,NFPSAM
ENEXT50,EDENEX
SBISMLETF,SBI250
SBIVALETF,SBIVAL
TEAMTECH,TEAFOR
PVTBKGROWW,GROBNK
ESSEN-RE3,INTRE1
QLINE,QLIBIO
BMLL,BIOMED
MSCI360,360ONE
91D280826,TQH26D
182D271126,THK26D
364D280527,TYE27D
AVG-RE,AVGRE1
VIVIANA,VIVPOW
MERCURYEV,MERMET
91D030926,TQI26A
CSM,CSMTEC
91D011026,TQJ26A
182D311226,THL26E
364D010727,TYG27A
AGL,ALCGLO
AASTHA,AASSPI
VMOBILE,VINMOB
TEJA,TEJENG
KNACK,KNAPAC
825IIFL25,IIFND4
91D081026,TQJ26B
182D070127,THA27B
364D080727,TYG27B
GYFTR,LKPMER
GANGAFO-RE,GAFRE1
ICELCO,ICELEC
KUSUMGAR,KUSUML
RIR,RUTIN
LASERPOWER,LASPOW
HAPPY,HAPSTE
91D151026,TQJ26C
182D140127,THA27C
364D150727,TYG27C
SBIFUNDS,SBIFUN
LIQUIDBETA,UTILIQ
BANK10BETF,BAJBSE
ALPINETEX,ALPTEX
PVTBANK,KOTPVB
MOMMIDCAP,MIRMOM
CPL,CAPPOL
91D221026,TQJ26D
182D210127,THA27D
364D220727,TYG27D
CMLL,CALMIN
METALIC,METTEC
CEMNTGROWW,GROCEM
EMETAL,EDEMET
IIFLZC25C,IIFND5
ATVPETRO,SVCSUP
820IIFL27,IIFND6
GEOMETRIC,GEOLIM
850IIFL27,IIFND7
IIFLHFZC27,IIFND8
843IHFL29,IIFND9
875IHFL29,IIFN10
IMAGICAA,ADLENT
IIFLHF29,IIFN11
MONARCH,NETSTO
DABUR,DABIND
CEATFIN,CEAFIN
IBHF25,IBHN25
ABAN,ABAOFF
843SCFL27,IBHN30
POPEES,ARCSO
KEEPLEARN,DSJCOM
BCONCEPTS,BRACON
UNIINFO,UNITEL
TIMESCAN,TIMLOG
DALMIASUG,DALSUG
WEL,WONFIB
NETF,TATNIF
AUTORIDFIN,AUTFIN
654GS2032,654A32
AUTOIETF,ICIAUT
BIL,BHAINT
RAMCOSYS,RAMSYS
INOXWIND,INOWIN
GVPIL,ALSIND
SGBJAN30IX,SGBT58
AUTOBEES,NIPAUT
MHLXMIRU,MAHRUB
ALEMBICLTD,ALECHE
LFIC,THELAK
ZYDUSLIFE,CADHEA
BYKE,THEBYK
AVANTIFEED,AVAFEE
MOLDTEK-RE,MOLRE1
SILVERIETF,ICIPSE
SGBDEC2512,SGBT19
PRECISION,PREME
MALLCOM,MALIND
1015ECL29,ECL121
MAKEINDIA,MIRMAN
GRWRHITECH,GARPOL
1060ECL29,ECL122
DAURALAORG,DAUORG
SILVER,ADISIL
DHANILOANS,ICFN37
CINEVISTA,CINEVI
726GS2029,726A29
SHIVATEX,SHITEX
MAHLIFE,MAHLIF
ZENITHCOMP,ZENCOM
KTKBANK,KARBAN
11DLSL25,ICFN31
DLSL25,ICFN32
1049DLSL25,ICFN33
DALBHARAT,ODICEM
MIDCAP,KOTMID
DCMDAEWOO,DAEMOT
SILVERBEES,NIPSIL
CROWN,CROLIF
OILCOUNTUB,OILCOU
DCMSHRIRAM,DCMSHR
AWL,ADAWIL
RPSGVENT,CESVEN
BSHSL,BOMSUP
AJANTPHARM,AJAPHA
BLBLIMITED,BLBLTD
DEVIT,DEVINF
MEGASTAR,MEGFOO
FIBERWEB,PVDPLA
SPENCERS,SPERET
MANYAVAR,VEDFAS
DCW,DCW
IPRINGS,IPRING
SAGARDEEP,SAGALL
MOMOMENTUM,MOTM30
PEARLPOLY,PEAPOL
RICHA,RICINF
INCRED,INCND3
MADHAVBAUG,VAISAN
SOFTTECH,SOFENG
IGS,MASSYS
DEEPAKFERT,DEEFER
732GS2024,732A24
BANKA,BANBIO
JAINSTUDIO,JAISTU
SGBJAN27,SGBT26
CHOWGULSTM,CHOSTE
PRITI,PRIINT
BLUESTARCO,BLUSTA
SALORAINTL,SALINT
SGBOC28VII,SGBT44
GSEC5IETF,ICIGSE
MUKANDENGG,MUKENG
UTTAMSTL,UTTSTE
PHOENXINTL,PHOINT
SB&TINTL,SBTINT
KINETICENG,KINENG
SHIGAN,SHIQUA
CALSOFT,CALSOF
SGBMAR30X,SGBT59
WOCKH-RE,WOCRE1
GLFL,GUJLEA
MIDCAPETF,MIR150
DHFL,DEWHOU
RSSOFTWARE,RSSOFT
RAJRILTD,RAJRAY
CMAHENDRA,CMAHEX
VIPULLTD,VIPLTD
SMVD,SMVPLO
MITCON,MITCON
XELPMOC,XELDES
TVSMOTOR,TVSMOT
MID150BEES,REL150
GATEWAY,GATDIS
SURANI,SURSTE
SPRL,SPREF
GMRP&UI,GMRPOW
SBIHOMEFIN,SBIHOM
CHALET,CHAHOT
BLUECOAST,BLUCOA
COOLCAPS,COOCAP
HITECHGEAR,HITGEA
DHAMPURSUG,DHASUG
MARDIACHEM,MARCHE
WESTERNBIO,WESBIO
NLCINDIA,NEYLIG
AKSHOPTFBR,AKSOPT
MSUMI,MOTSU
SWARAJ,SWASUI
INDOBORAX,INDBOR
TRANSWORLD,SHRSHI
957ICCL25,STFN66
LOWVOL1,KOTLVO
BLUECHIP,BLUC
MOLOWVOL,MOTLOV
JENSONICOL,JENNIC
VETO,VETSWI
TATASTLBSL,BHUST
NATNLSTEEL,NATSTE
DIGITALEQP,DIGEQU
MUKTAARTS,MUKART
VRLLOG,VRLLOG
TORRENGUJ,TORGUJ
AMBUJARAJN,DLFCEM
TCIFINANCE,TCIFIN
SHAILY,SHAILY
SREERAYALK,SRERAY
PROPEQUITY,PEANA
PNBGILTS,PNBGIL
BLUESTINFO,BLUIN
SGBFEB27,SGBT27
DSKULKARNI,DSKULK
KUNDANMM,EASSUG
DRIND,DRIND
MOTOGENFIN,MOTGEN
OBCL,ORIBEN
ALPICFIN,ALPFIN
ASTRON,ASTPAP
SONAMLTD,SONCL
DRREDDY,DRREDD
PRIVISCL,ADIFIN
GAEL,GUJAE
BCG,LYCINT
USHAMART,USHMA
UMAEXPORTS,UMAEXP
GOVINRUBER,GOVRUB
IVP,IVP
CHOICEIN,CHOINT
PENNARALUM,PENALU
TNIDETF,TATNID
OISL,OCLIRO
EUROTEXIND,EURIND
VERANDA,VERLEA
SATHAISPAT,SATISP
PBAINFRA,PBAINF
MINDPOOL,MINTEC
ALBRMORARJ,ALBWIL
SUPERSPIN,SUPSPI
E2E,E2ENET
RITCO,RITLOG
KAKATCEM,KAKCEM
ELDEHSG,ELDHOU
TTML,TATTE
KHAICHEM,KHAFER
HARDWYN,GARIND
HARIOMPIPE,HARPIP
UMIYA-MRO,MROTEK
BCIL-RE,BHCRE1
NOVARTIND,NOVART
NOVOPANIND,NOVIND
ANUP,THEANU
VCL,VAXCOT
GALPOWTEL,GALPOW
AUSOMENT,AUSENT
UFO,UFOMOV
AGROPHOS,AGRPHO
710GS2029,710D29
ROTO,ROTPUM
NIFTYEES,EDENIF
AURUM-RE,MAJRE1
PIXTRANS,PIXTRA
EICHERMOT,EICMOT
ARVINDFASN,ARVFAS
TIPSMUSIC,TIPIND
INDOAMIN,INDAMI
EQUITASBNK,EQUSMA
BALAJITELE,BALTEL
EIDPARRY,EIDPAR
VISIONLTD,VISORG
SNXT50BETA,UTINEX
EIHOTEL,EIHLIM
850IBHL25,IBHN38
9IBHL25,IBHN39
IBHFZC25,IBHN40
820IBHL25,IBHN41
TPLPLASTEH,TPLPLA
866IBHL25,IBHN42
NILAINFRA,NILINF
875SCL27,IBHN43
ORCHPHARMA,ORCPHA
925SCL27,IBHN44
ARROWGREEN,ARRGRE
AZTECSOFT,AZTEC
843SCL27,IBHN45
889SCL27,IBHN46
ELECTCAST,ELECAS
KRITIKA,KRIWIR
GINNIFILA,GINFIL
IFBAGRO,IFBAGR
SINTEX,SININD
STARTECK,NIVMER
STLTECH,STETEC
RAVALSUGAR,RAVSUG
POLARIND,POLIND
PNC,PRINAN
IOB,INDOVE
1015UCL24,UGRND5
TAJGVK,TAJGVK
MSTCLTD,MSTLIM
DPABHUSHAN,DPABH
1040UCL25,UGRND6
CAMPUS,CAMACT
ELGIEQUIP,ELGEQU
QUINTEGRA,QUISOL
TRU,DHAF
IL&FSENGG,ILFENG
IL&FSTRANS,ILFTRA
EMBASSY,EMBOFF
CREATIVEYE,CREEYE
PNCINFRA,PNCINF
BHARATGEAR,BHAGEA
PGHL,MERLIM
LANCER,LANCON
RAINBOW,RAICHI
NUTEK,NUTIND
SILVERTUC,SILTOU
SKIPPER,SKILTD
AXISCADES,AXIIT
NOVAIRNSTL,NOVIRO
SGBJAN26,SGBT21
SONUINFRA,SONINF
RELMEDIA,ADLFIL
448GS2023,448K23
LICI,LIC
11DLSL25A,ICFN38
DLSL25A,ICFN39
1049DLS25A,ICFN40
727GS2026,727D26
762GS2039,762I39
SAKAR,SAKHEA
CKFSL,CNKFIN
ESABINDIA,ESAIND
RVNL,RAIVIK
PRUDENT,PRUCOP
AKSHAR,AKSSPI
667GS2050,667K50
KHFM,KHFHOS
MAHESHWARI,MAHLOG
ESCORTS,ESCORT
METROPOLIS,METHEA
KHAITANLTD,KHAFAN
754GS2036,754E36
SUBEXLTD,SUBSYS
POLYCAB,POLI
VENUSPIPES,VENPIP
DELHIVERY,DELLIM
CLUTCHAUTO,CLUAUT
772GS2049,772F49
SPLPETRO,SUPPET
DYNPRO-RE,DYNRE1
KHANDSE,KHASEC
BSELALGO,BSEINF
RELCHEMQ,RELCHE
MATHPLATT,MPICOR
MEDICO,MEDREM
HIKAL,HIKCHE
SOUTHWEST,SOUWES
KPITTECH,KPITE
TRIDENT,TRILTD
TOKYOPLAST,TOKPLA
ESSAROIL,ESSOIL
PARADEEP,PARPHO
ETHOSLTD,ETHLIM
EMUDHRA,EMULIM
GSTL,GLOT
EASTSILK,EASSIL
FORTISFIN,DIOGLO
TATAYODOGA,TOYROL
KANORICHEM,KANCH
EPL,ESSPRO
AETHER,AETIND
SHIRPUR-G,SHIGOL
COMPUDYNE,COMWI
HARYANSHET,HARSHE
HAVELLS,HAVIND
NAVIFIN,NAVND4
NV20BEES,RENV20
SUNDRMBRAK,SUNBRA
94NFL24,NAVND5
975NFL24,NAVND6
RILINFRA,RACINF
FIDEL,FIDSOF
NEXTMEDIA,NEXMED
794TN32,STAND3
GOLDTECH,GOLTEC
CHEVIOT,CHECOM
769GS2043,769F43
SMARTLINK,SMANET
AIRAN,AIRLTD
AXITA,AXICOT
763GS2059,763F59
738GS2027,738F27
NEOGEN,NEOCHE
ALANKIT,ALALIM
VIKASLIFE,VIKMUL
IBMFNIFTY,INDNIF
ONEPOINT,ONEPOI
669GS2024,669F24
85PFL26A,MAGNC7
CGIOFS,CGIOFS
CNX 100,CNX100
CNX DEFTY,DEFTY
CNX Nifty Junior,CNXNIF
COAOFS,COAOFS
DJIA,DJIA
DREOFS,DREOFS
ENGOFS,ENGOFS
FTSE,FTSE
INDVIX,INDVIX
IOCOFS,IOCOFS
JKUOFS,JKUOFS
CHETTINAD,CHECEM
FLOATGLASS,FLOIND
PASUPATI,PASFAB
FAME,SHRCIN
TECHNOELEC,TECELE
NIFTY 50,NIFTY
NIFTY BANK,CNXBAN
NIFTY FINANCIAL,NIFFIN
NIFTY INFRA,CNXINF
NIFTY IT,CNXIT
NIFTY MIDCAP,NIFSEL
NIFTY MIDCAP 50,NIFMID
NIFTY NEXT 50,NIFNEX
NIFTY PSE,CNXPSE
NIFTY TOTAL,NIFTOM
NTPOFS,NTPOFS
Nifty CPSE,NIFCPS
POWOFS,POWOFS
RUROFS,RUROFS
MINIFTY,MINIFT
S&P500,SNP500
SAYOFS,SAYOFS
ALPINEHOU,ALPHOU
DALMIAREF,DALREF
IIFLNIFTY,IIFNIF
SGBNOV258,SGBT15
